crate_name,abi,discriminant,reason,err_id,err_text
webrtc-sys,C,5,16,2,"std::vec::Vec<peer_connection_factory::ffi::IceServer>"
webrtc-sys,C,5,16,0,"std::vec::Vec<std::string::String>"
webrtc-sys,C,5,16,1,"std::string::String"
webrtc-sys,C,5,16,3,"std::vec::Vec<rtp_parameters::ffi::RtpCodecCapability>"
altv_internal_sdk,C,7,3,0,"str"
yaslapi-sys,C,3,6,0,"u128"
xcb,C,13,1,0,"fn(*mut libc::c_void)"
rusfuse,C,13,1,0,"fn(*mut libc::c_void, *mut fuse::FuseConnInfo)"
rusfuse,C,5,11,1,"fuse::FuseSession"
rusfuse,C,5,11,2,"fuse::FuseReq"
rusfuse,C,5,10,3,"fuse::FuseBufFlags"
kcp-rust-native,C,3,6,0,"u128"
geoip-sys,C,8,20,0,"[u8; 16]"
ffmpeg-wasi,C,3,6,0,"u128"
lonlat_bng,C,19,2,0,"(ffi::Array, ffi::Array)"
atri_plugin,C,19,2,0,"()"
libvips-rs,C,3,6,0,"u128"
head-empty,C,5,16,0,"Registration"
inexor-rgf-plugin-file,C,5,16,1,"std::vec::Vec<inexor_rgf_core_plugins::PluginDependency>"
inexor-rgf-plugin-file,C,14,4,0,"dyn inexor_rgf_core_plugins::PluginRegistrar"
wascc-httpsrv,C,14,4,0,"dyn codec::capabilities::CapabilityProvider"
nnsdk,C,3,6,1,"u128"
nnsdk,C,5,16,3,"alloc::boxed::Box<[u16]>"
nnsdk,C,5,10,2,"nn::ssl::Context::CertificateFormat"
nnsdk,C,5,16,0,"nn::os::MessageQueueType"
gurobi-sys,C,5,11,0,"GRBenv"
gurobi-sys,C,5,11,1,"GRBmodel"
usb,C,5,11,1,"libusb::libusb_device"
usb,C,5,11,2,"libusb::libusb_device_handle"
usb,C,5,11,0,"libusb::libusb_context"
libtar-sys,C,1,7,0,"char"
hc_iz_profile,C,3,6,0,"u128"
sundials-sys,C,3,6,0,"u128"
mongors,C,3,6,0,"u128"
consistenttime,C,9,5,2,"[u32]"
consistenttime,C,9,5,1,"[u16]"
consistenttime,C,9,5,0,"[u8]"
consistenttime,C,9,5,3,"[u64]"
consistenttime,C,9,5,4,"[usize]"
nvml-rs,C,5,10,0,"std::result::Result<u64, std::string::String>"
nature_demo_executor,C,5,10,1,"std::result::Result<std::vec::Vec<nature_common::Instance>, nature_common::NatureError>"
nature_demo_executor,C,5,10,2,"std::result::Result<nature_common::Instance, nature_common::NatureError>"
nature_demo_executor,C,5,10,0,"nature_common::ConverterReturned"
zsh-sys,C,3,6,0,"u128"
varnish-sys,C,3,6,0,"u128"
node_api_system,C,5,16,0,"napi_env__"
thorin,C,5,16,1,"std::collections::HashMap<std::string::String, DerivedType>"
thorin,C,5,16,0,"Scope"
starlane-core,C,5,16,0,"std::string::String"
t_bang,C,7,3,0,"str"
message_plugins,C,5,10,0,"std::option::Option<&dyn std::any::Any>"
emacs_module_bindings,C,9,5,2,"[*mut emacs_gen::emacs_value_tag]"
emacs_module_bindings,C,5,16,1,"std::string::String"
emacs_module_bindings,C,7,3,0,"str"
rustpak,C,5,10,4,"std::result::Result<(), std::boxed::Box<dyn std::error::Error>>"
rustpak,C,5,10,3,"std::result::Result<&mut lib::Pak<'_>, std::boxed::Box<dyn std::error::Error>>"
rustpak,C,5,16,2,"std::string::String"
rustpak,C,7,3,0,"str"
rustpak,C,5,10,1,"std::result::Result<lib::Pak<'_>, std::boxed::Box<dyn std::error::Error>>"
cpp_regexp,C,5,16,0,"std::vec::Vec<&str>"
x11,C,5,11,5,"xlib::_XkbDeviceLedInfo"
x11,C,5,11,9,"xlib::_XkbDoodad"
x11,C,5,11,14,"xlib::_XkbOverlay"
x11,C,5,11,33,"xlib::_XkbAction"
x11,C,5,11,44,"xmu::_AtomRec"
x11,C,5,11,51,"xt::Arg"
x11,C,5,11,12,"xlib::_XkbShape"
x11,C,5,11,7,"xlib::_XkbColor"
x11,C,5,11,23,"xlib::_XkbMapChanges"
x11,C,5,11,56,"xt::_XtCheckpointTokenRec"
x11,C,5,11,50,"xt::_WidgetClassRec"
x11,C,5,11,53,"xt::SubstitutionRec"
x11,C,5,11,31,"xlib::_XkbExtensionDeviceNotify"
x11,C,5,11,49,"xt::XtConvertArgRec"
x11,C,5,11,55,"xt::XtWidgetGeometry"
x11,C,5,11,13,"xlib::_XkbOutline"
x11,C,5,11,2,"xlib::XcmsColor"
x11,C,5,11,27,"xlib::_XkbComponentNames"
x11,C,5,11,37,"xt::_XtAppStruct"
x11,C,5,11,28,"xlib::_XkbIndicatorMapRec"
x11,C,5,11,20,"xlib::_XkbGeometrySizes"
x11,C,5,10,36,"xlib_xcb::XEventQueueOwner"
x11,C,5,11,45,"xmu::_XmuWidgetNode"
x11,C,5,11,29,"xlib::_XkbControlsChanges"
x11,C,5,11,18,"xlib::_XkbServerMapRec"
x11,C,5,11,40,"xt::_WidgetRec"
x11,C,5,11,46,"xrandr::XRRScreenConfiguration"
x11,C,5,11,24,"xlib::_XkbNameChanges"
x11,C,5,11,32,"xlib::_XkbNamesNotify"
x11,C,5,11,17,"xlib::_XkbProperty"
x11,C,5,11,19,"xlib::_XkbKeyType"
x11,C,5,11,21,"xlib::_XkbChanges"
x11,C,5,11,8,"xlib::_XkbSection"
x11,C,5,11,26,"xlib::_XkbComponentList"
x11,C,5,11,39,"xmu::_XmuArea"
x11,C,5,11,6,"xlib::_XkbGeometry"
x11,C,5,11,47,"xt::_XtActionsRec"
x11,C,5,11,41,"xmu::_XmuScanline"
x11,C,5,11,42,"xmu::_XmuDisplayQueue"
x11,C,5,11,4,"xlib::_XkbDeviceInfo"
x11,C,5,11,11,"xlib::_XkbKey"
x11,C,5,11,16,"xlib::_XkbOverlayKey"
x11,C,5,11,0,"xlib::_XcmsColorSpace"
x11,C,5,11,52,"xt::_TranslationData"
x11,C,5,11,34,"glx::__GLXFBConfigRec"
x11,C,5,11,54,"xt::_XtResource"
x11,C,5,11,48,"xt::_XtCallbackRec"
x11,C,5,11,43,"xmu::_XmuDisplayQueueEntry"
x11,C,5,11,22,"xlib::_XkbDeviceChanges"
x11,C,5,11,30,"xlib::_XkbControlsNotify"
x11,C,5,11,35,"glx::__GLXcontextRec"
x11,C,5,11,25,"xlib::_XkbBounds"
x11,C,5,11,38,"xmu::_XmuSegment"
x11,C,5,11,10,"xlib::_XkbRow"
x11,C,5,11,1,"xlib::_XcmsFunctionSet"
x11,C,5,11,3,"xlib::_XcmsCCC"
x11,C,5,11,15,"xlib::_XkbOverlayRow"
vk-rs,C,8,20,0,"[f32; 4]"
wascc-httpclient,C,14,4,0,"dyn codec::capabilities::CapabilityProvider"
GSL-sys,C,5,11,35,"auto::gsl_fft_real_workspace_float"
GSL-sys,C,3,6,1,"u128"
GSL-sys,C,5,11,3,"auto::gsl_block_struct"
GSL-sys,C,5,11,51,"auto::gsl_interp2d"
GSL-sys,C,5,11,113,"auto::gsl_spmatrix"
GSL-sys,C,5,11,49,"auto::gsl_interp"
GSL-sys,C,5,11,14,"auto::gsl_block_char_struct"
GSL-sys,C,5,11,27,"auto::gsl_eigen_gen_workspace"
GSL-sys,C,5,11,63,"auto::gsl_multifit_fsolver"
GSL-sys,C,5,11,10,"auto::gsl_block_int_struct"
GSL-sys,C,5,11,98,"auto::gsl_qrng_type"
GSL-sys,C,5,11,92,"auto::gsl_odeiv2_step_struct"
GSL-sys,C,5,11,5,"auto::gsl_block_float_struct"
GSL-sys,C,5,11,2,"auto::gsl_block_complex_long_double_struct"
GSL-sys,C,5,11,32,"auto::gsl_fft_real_workspace"
GSL-sys,C,5,11,52,"auto::gsl_min_fminimizer_type"
GSL-sys,C,5,11,0,"auto::gsl_block_long_double_struct"
GSL-sys,C,5,11,58,"auto::gsl_multifit_linear_workspace"
GSL-sys,C,5,11,68,"auto::gsl_multifit_nlinear_parameters"
GSL-sys,C,5,11,75,"auto::gsl_multimin_fminimizer_type"
GSL-sys,C,5,11,90,"auto::gsl_odeiv_evolve"
GSL-sys,C,5,11,95,"auto::gsl_odeiv2_control_struct"
GSL-sys,C,5,11,99,"auto::gsl_qrng"
GSL-sys,C,5,11,101,"auto::gsl_root_fsolver_type"
GSL-sys,C,5,11,103,"auto::gsl_root_fdfsolver_type"
GSL-sys,C,5,11,106,"auto::gsl_rstat_workspace"
GSL-sys,C,5,11,22,"auto::gsl_eigen_nonsymmv_workspace"
GSL-sys,C,5,11,107,"auto::gsl_sf_mathieu_workspace"
GSL-sys,C,5,11,114,"auto::gsl_spmatrix_float"
GSL-sys,C,5,11,128,"auto::gsl_wavelet"
GSL-sys,C,5,11,20,"auto::gsl_eigen_hermv_workspace"
GSL-sys,C,5,11,71,"auto::gsl_multifit_nlinear_trs"
GSL-sys,C,5,11,66,"auto::gsl_multifit_fdfridge"
GSL-sys,C,5,11,109,"auto::gsl_spmatrix_complex_long_double"
GSL-sys,C,5,11,86,"auto::gsl_odeiv_step"
GSL-sys,C,5,11,119,"auto::gsl_spmatrix_ushort"
GSL-sys,C,5,11,73,"auto::gsl_multifit_nlinear_solver"
GSL-sys,C,5,11,89,"auto::gsl_odeiv_control"
GSL-sys,C,5,11,112,"auto::gsl_spmatrix_long_double"
GSL-sys,C,5,11,8,"auto::gsl_block_long_struct"
GSL-sys,C,5,11,37,"auto::gsl_histogram_pdf"
GSL-sys,C,5,11,53,"auto::gsl_min_fminimizer"
GSL-sys,C,5,11,122,"auto::gsl_spmatrix_char"
GSL-sys,C,5,11,13,"auto::gsl_block_uchar_struct"
GSL-sys,C,5,11,102,"auto::gsl_root_fsolver"
GSL-sys,C,5,11,111,"auto::gsl_spmatrix_complex_float"
GSL-sys,C,5,11,46,"auto::gsl_integration_fixed_type"
GSL-sys,C,5,11,110,"auto::gsl_spmatrix_complex"
GSL-sys,C,5,11,38,"auto::gsl_histogram2d"
GSL-sys,C,5,11,65,"auto::gsl_multifit_fdfsolver_type"
GSL-sys,C,5,11,25,"auto::gsl_eigen_genherm_workspace"
GSL-sys,C,5,11,11,"auto::gsl_block_ushort_struct"
GSL-sys,C,5,11,61,"auto::gsl_multifit_robust_stats"
GSL-sys,C,5,11,48,"auto::gsl_interp_type"
GSL-sys,C,5,11,28,"auto::gsl_eigen_genv_workspace"
GSL-sys,C,5,11,80,"auto::gsl_multiroot_fsolver_type"
GSL-sys,C,5,11,76,"auto::gsl_multimin_fminimizer"
GSL-sys,C,5,11,88,"auto::gsl_odeiv_control_type"
GSL-sys,C,5,11,81,"auto::gsl_multiroot_fsolver"
GSL-sys,C,5,11,94,"auto::gsl_odeiv2_control_type"
GSL-sys,C,5,11,19,"auto::gsl_eigen_herm_workspace"
GSL-sys,C,5,11,117,"auto::gsl_spmatrix_uint"
GSL-sys,C,5,11,70,"auto::gsl_multifit_nlinear_fdf"
GSL-sys,C,5,11,79,"auto::gsl_multimin_function_fdf_struct"
GSL-sys,C,5,11,77,"auto::gsl_multimin_fdfminimizer_type"
GSL-sys,C,5,11,108,"auto::gsl_siman_params_t"
GSL-sys,C,5,11,97,"auto::gsl_poly_complex_workspace"
GSL-sys,C,5,11,24,"auto::gsl_eigen_gensymmv_workspace"
GSL-sys,C,5,11,26,"auto::gsl_eigen_genhermv_workspace"
GSL-sys,C,5,11,60,"auto::gsl_multifit_robust_workspace"
GSL-sys,C,5,11,41,"auto::gsl_ieee_double_rep"
GSL-sys,C,5,11,12,"auto::gsl_block_short_struct"
GSL-sys,C,5,11,23,"auto::gsl_eigen_gensymm_workspace"
GSL-sys,C,5,11,59,"auto::gsl_multifit_robust_type"
GSL-sys,C,5,11,115,"auto::gsl_spmatrix_ulong"
GSL-sys,C,5,11,100,"auto::gsl_ran_discrete_t"
GSL-sys,C,5,11,83,"auto::gsl_multiroot_fdfsolver"
GSL-sys,C,5,11,40,"auto::gsl_ieee_float_rep"
GSL-sys,C,5,11,47,"auto::gsl_integration_fixed_workspace"
GSL-sys,C,5,11,21,"auto::gsl_eigen_francis_workspace"
GSL-sys,C,5,11,39,"auto::gsl_histogram2d_pdf"
GSL-sys,C,5,11,29,"auto::gsl_fft_complex_workspace"
GSL-sys,C,5,11,91,"auto::gsl_odeiv2_step_type"
GSL-sys,C,5,11,118,"auto::gsl_spmatrix_int"
GSL-sys,C,5,11,120,"auto::gsl_spmatrix_short"
GSL-sys,C,5,11,127,"auto::gsl_wavelet_type"
GSL-sys,C,5,11,129,"auto::gsl_wavelet_workspace"
GSL-sys,C,5,11,69,"auto::gsl_multifit_nlinear_workspace"
GSL-sys,C,5,11,87,"auto::gsl_odeiv_system"
GSL-sys,C,5,11,54,"auto::gsl_rng"
GSL-sys,C,5,11,45,"auto::gsl_integration_cquad_workspace"
GSL-sys,C,5,11,126,"auto::gsl_spline2d"
GSL-sys,C,5,11,9,"auto::gsl_block_uint_struct"
GSL-sys,C,5,11,121,"auto::gsl_spmatrix_uchar"
GSL-sys,C,5,11,124,"auto::gsl_splinalg_itersolve"
GSL-sys,C,5,11,6,"auto::gsl_block_complex_float_struct"
GSL-sys,C,5,11,125,"auto::gsl_spline"
GSL-sys,C,5,11,36,"auto::gsl_fft_halfcomplex_wavetable_float"
GSL-sys,C,5,11,67,"auto::gsl_multifit_nlinear_type"
GSL-sys,C,5,11,43,"auto::gsl_integration_qawo_table"
GSL-sys,C,5,11,57,"auto::gsl_monte_vegas_state"
GSL-sys,C,5,11,72,"auto::gsl_multifit_nlinear_scale"
GSL-sys,C,5,11,17,"auto::gsl_eigen_symm_workspace"
GSL-sys,C,5,11,84,"auto::gsl_multiroot_function_fdf_struct"
GSL-sys,C,5,11,18,"auto::gsl_eigen_symmv_workspace"
GSL-sys,C,5,11,4,"auto::gsl_block_complex_struct"
GSL-sys,C,5,11,31,"auto::gsl_fft_real_wavetable"
GSL-sys,C,5,11,42,"auto::gsl_integration_qaws_table"
GSL-sys,C,5,11,85,"auto::gsl_odeiv_step_type"
GSL-sys,C,5,11,123,"auto::gsl_splinalg_itersolve_type"
GSL-sys,C,5,11,15,"auto::gsl_bspline_workspace"
GSL-sys,C,5,11,74,"auto::gsl_multimin_function_struct"
GSL-sys,C,5,11,7,"auto::gsl_block_ulong_struct"
GSL-sys,C,5,11,82,"auto::gsl_multiroot_fdfsolver_type"
GSL-sys,C,5,11,62,"auto::gsl_multifit_fsolver_type"
GSL-sys,C,5,11,93,"auto::gsl_odeiv2_driver_struct"
GSL-sys,C,5,11,56,"auto::gsl_monte_miser_state"
GSL-sys,C,5,11,78,"auto::gsl_multimin_fdfminimizer"
GSL-sys,C,5,11,96,"auto::gsl_odeiv2_evolve_struct"
GSL-sys,C,5,11,64,"auto::gsl_multifit_function_struct"
GSL-sys,C,5,11,16,"auto::gsl_cheb_series_struct"
GSL-sys,C,5,11,55,"auto::gsl_monte_plain_state"
GSL-sys,C,5,11,50,"auto::gsl_interp2d_type"
GSL-sys,C,5,11,105,"auto::gsl_rstat_quantile_workspace"
GSL-sys,C,5,11,104,"auto::gsl_root_fdfsolver"
GSL-sys,C,5,11,30,"auto::gsl_fft_complex_workspace_float"
GSL-sys,C,5,11,33,"auto::gsl_fft_halfcomplex_wavetable"
GSL-sys,C,5,11,34,"auto::gsl_fft_real_wavetable_float"
GSL-sys,C,5,11,44,"auto::gsl_integration_glfixed_table"
GSL-sys,C,5,11,116,"auto::gsl_spmatrix_long"
pngquant,C,5,16,1,"imagequant::attr::Attributes"
pngquant,C,5,16,0,"imagequant::image::Image<'_>"
xlang_abi,C,19,2,0,"()"
icu_capi,C,7,3,0,"str"
icu_capi,C,9,5,1,"[usize]"
icu_capi,C,1,7,2,"char"
rustgym-testcpp,C,13,1,0,"for<'a> fn(&'a BinaryMatrix, i32, i32) -> i32"
jitterentropy-sys,C,3,6,0,"u128"
cursed,C,5,16,0,"core::any::TypeId"
cyclors,C,3,6,0,"u128"
dora-operator-api-types,C,5,10,0,"std::option::Option<safer_ffi::String>"
hc_zome_file_storage_integrity,C,3,6,0,"u128"
wascc-fs,C,14,4,0,"dyn codec::capabilities::CapabilityProvider"
usearch,C,5,16,0,"std::vec::Vec<u64>"
dvk,stdcall,5,16,5,"core::VkCommandBufferResetFlags"
dvk,stdcall,5,16,0,"core::VkImageUsageFlags"
dvk,stdcall,5,16,2,"core::VkSampleCountFlags"
dvk,stdcall,5,16,8,"core::VkQueryControlFlags"
dvk,stdcall,5,16,1,"core::VkMemoryMapFlags"
dvk,stdcall,5,16,9,"core::VkQueryResultFlags"
dvk,stdcall,5,16,6,"core::VkStencilFaceFlags"
dvk,stdcall,5,16,11,"ext_debug_report::VkDebugReportFlagsEXT"
dvk,stdcall,5,16,4,"core::VkCommandPoolResetFlags"
dvk,stdcall,5,16,7,"core::VkPipelineStageFlags"
dvk,stdcall,5,16,3,"core::VkDescriptorPoolResetFlags"
dvk,stdcall,5,16,10,"core::VkShaderStageFlags"
wasmer-runtime-core-near,C,5,16,1,"units::Pages"
wasmer-runtime-core-near,C,5,16,3,"types::LocalTableIndex"
wasmer-runtime-core-near,C,5,16,0,"types::LocalMemoryIndex"
wasmer-runtime-core-near,C,5,16,2,"types::ImportedMemoryIndex"
marker_adapter,C,5,8,1,"marker_api::lint::Level"
marker_adapter,C,5,8,2,"marker_api::prelude::ItemKind<'_>"
marker_adapter,C,5,8,0,"marker_api::diagnostic::EmissionNode"
marker_adapter,C,5,8,3,"marker_api::ast::ty::SemTyKind<'_>"
base-coroutine,C,5,10,0,"coroutine::CoroutineResult<Yield, Return>"
squirrel,C,5,11,0,"SQVM"
krust,stdcall,8,20,0,"[f32; 4]"
marker_lints,C,5,8,3,"marker_api::ast::stmt::StmtKind<'_>"
marker_lints,C,5,8,4,"marker_api::prelude::ExprKind<'_>"
marker_lints,C,5,8,2,"marker_api::prelude::ItemKind<'_>"
marker_lints,C,7,3,0,"str"
marker_lints,C,5,13,1,"marker_api::LintPassInfo"
nvdialog-rs,C,5,11,2,"NvdFileDialog"
nvdialog-rs,C,5,11,0,"NvdDialogBox"
nvdialog-rs,C,5,11,1,"NvdQuestionBox"
flite-sys,C,3,6,0,"u128"
roxido,C,3,6,0,"u128"
mouse_automation,system,5,16,0,"Input"
freefare-sys,C,8,20,0,"[u8; 4]"
freefare-sys,C,8,20,2,"[u8; 16]"
freefare-sys,C,8,20,1,"[u8; 6]"
glpk-sys,C,8,20,0,"[Struct___va_list_tag; 1]"
fmod,C,5,16,5,"ffi::FMOD_CHANNELGROUP"
fmod,C,5,16,0,"ffi::FMOD_SYSTEM"
fmod,C,5,16,7,"ffi::FMOD_DSPCONNECTION"
fmod,C,5,16,1,"ffi::FMOD_DSP"
fmod,C,5,16,3,"ffi::FMOD_CHANNEL"
fmod,C,5,16,4,"ffi::FMOD_REVERB"
fmod,C,5,16,8,"ffi::FMOD_GEOMETRY"
fmod,C,5,16,2,"ffi::FMOD_SOUND"
fmod,C,5,16,6,"ffi::FMOD_SOUNDGROUP"
fmod,C,5,16,9,"ffi::FMOD_SYNCPOINT"
reax,C,13,1,0,"fn(*const ())"
caldera-bindings,C,3,6,0,"u128"
quickjs-sys,C,3,6,0,"u128"
batrachia,C,5,16,3,"rtc_datachannel::DataChannel"
batrachia,C,5,16,1,"media_stream_track::audio_track::AudioTrack"
batrachia,C,5,16,2,"media_stream_track::video_track::VideoTrack"
batrachia,C,5,16,0,"observer::Observer"
wasmcloud-telnet,C,14,4,0,"dyn wasmcloud_provider_core::CapabilityProvider"
drm-rs,C,8,20,0,"[u32; 4]"
socket,C,9,5,0,"[i32]"
protobuf-native,C,5,16,0,"internal::CInt"
guile-sys,C,8,20,4,"[Struct___va_list_tag; 1]"
guile-sys,C,8,20,1,"[Struct_Unnamed4; 1]"
guile-sys,C,8,20,3,"[Struct_Unnamed2; 1]"
guile-sys,C,8,20,2,"[Struct___jmp_buf_tag; 1]"
guile-sys,C,8,20,0,"[Struct_Unnamed6; 1]"
rust-corosync,C,3,6,0,"u128"
perfrecord-mach-ipc-rendezvous,C,8,20,2,"[i8; 512]"
perfrecord-mach-ipc-rendezvous,C,8,20,0,"[i8; 4096]"
perfrecord-mach-ipc-rendezvous,C,8,20,1,"[mach_sys::Struct_vm_read_entry; 256]"
duckdb-extension-framework,C,3,6,0,"u128"
boring-sys,C,3,6,0,"u128"
zstud-sys,C,3,6,0,"u128"
libxml,C,13,1,0,"unsafe fn(*mut libc::c_void, *mut bindings::_xmlError)"
clhash-sys,C,3,6,0,"u128"
compiler_builtins,C,2,6,1,"i128"
compiler_builtins,C,19,2,3,"(u128, bool)"
compiler_builtins,C,3,6,0,"u128"
compiler_builtins,C,19,2,2,"(i128, bool)"
mono-rs,C,3,6,0,"u128"
gsys,C,3,6,0,"u128"
cult,C,5,16,0,"AudioStream"
rxscreen,C,13,1,0,"fn(*const ffi::ffi::XExtData) -> i32"
lzham-sys,C,3,6,0,"u128"
lovm2_core,C,5,10,0,"std::result::Result<(), error::Lovm2Error>"
lovm2_core,C,5,16,1,"std::rc::Rc<libloading::Library>"
wow-rs,C,5,11,0,"wow_t"
stable-swap-fuzz,C,9,5,0,"[u8]"
mech-stats,C,5,16,1,"mech_core::Table"
mech-stats,C,5,16,0,"std::vec::Vec<(std::string::String, mech_core::Table)>"
h264bsd-sys,C,3,6,0,"u128"
iredismodule,C,3,6,0,"u128"
hdk_crud,C,3,6,0,"u128"
chip,C,8,20,0,"[f32; 9]"
chip,C,8,20,1,"[f32; 3]"
matio-rs-sys,C,3,6,0,"u128"
nfc-sys,C,8,20,0,"[i8; 1024]"
simdjson-rust,C,5,16,0,"std::string::String"
axe_fx_midi,C,5,10,0,"parse::FractalModel"
axe_fx_midi,C,5,16,1,"std::vec::Vec<u8>"
ndless-sys,C,3,6,0,"u128"
libvips,C,3,6,0,"u128"
numpress,C,5,10,0,"std::result::Result<(), Error>"
numpress,C,5,10,1,"std::result::Result<usize, Error>"
packed_simd_2,C,5,16,10,"codegen::v512::u16x32"
packed_simd_2,C,5,16,13,"codegen::v256::u32x8"
packed_simd_2,C,5,16,3,"codegen::v128::u8x16"
packed_simd_2,C,5,16,14,"codegen::v512::u32x16"
packed_simd_2,C,5,16,17,"codegen::v512::u64x8"
packed_simd_2,C,5,16,18,"codegen::v128::u128x1"
packed_simd_2,C,5,16,20,"codegen::v512::u128x4"
packed_simd_2,C,5,16,21,"codegen::v64::f32x2"
packed_simd_2,C,5,16,22,"codegen::v128::f32x4"
packed_simd_2,C,5,16,5,"codegen::v512::u8x64"
packed_simd_2,C,5,16,23,"codegen::v256::f32x8"
packed_simd_2,C,5,16,24,"codegen::v512::f32x16"
packed_simd_2,C,5,16,11,"codegen::v64::u32x2"
packed_simd_2,C,5,16,25,"codegen::v128::f64x2"
packed_simd_2,C,5,16,19,"codegen::v256::u128x2"
packed_simd_2,C,5,16,26,"codegen::v256::f64x4"
packed_simd_2,C,5,16,27,"codegen::v512::f64x8"
packed_simd_2,C,5,16,9,"codegen::v256::u16x16"
packed_simd_2,C,5,16,4,"codegen::v256::u8x32"
packed_simd_2,C,5,16,7,"codegen::v64::u16x4"
packed_simd_2,C,5,16,16,"codegen::v256::u64x4"
packed_simd_2,C,5,16,1,"codegen::v32::u8x4"
packed_simd_2,C,5,16,12,"codegen::v128::u32x4"
packed_simd_2,C,5,16,8,"codegen::v128::u16x8"
packed_simd_2,C,5,16,6,"codegen::v32::u16x2"
packed_simd_2,C,5,16,0,"codegen::v16::u8x2"
packed_simd_2,C,5,16,15,"codegen::v128::u64x2"
packed_simd_2,C,5,16,2,"codegen::v64::u8x8"
wasmcloud-fs,C,14,4,0,"dyn wasmcloud_provider_core::CapabilityProvider"
nfc,C,8,20,0,"[i8; 1024]"
hc_zome_yjs_coordinator,C,3,6,0,"u128"
mesh-portal-versions,C,5,16,0,"std::string::String"
hc_zome_yjs_integrity,C,3,6,0,"u128"
truncnorm,C,3,6,0,"u128"
lua52-sys,C,5,11,0,"lua_State"
fluidsynth,C,13,1,0,"fn(*mut libc::c_void, *mut ffi::Struct__fluid_midi_event_t) -> i32"
fluidsynth,C,13,1,1,"fn(*mut libc::c_void, u32, *mut ffi::Struct__fluid_event_t, *mut ffi::Struct__fluid_sequencer_t)"
nvapi-sys,C,5,16,0,"handles::NvPhysicalGpuHandle"
hc_cz_profile,C,3,6,0,"u128"
x11-dl,C,5,10,0,"xlib_xcb::XEventQueueOwner"
hdi,C,3,6,0,"u128"
libsweep,C,5,11,1,"SweepDevice"
libsweep,C,5,11,2,"SweepScan"
libsweep,C,5,11,0,"SweepError"
open-coroutine,C,5,16,0,"open_coroutine_core::event_loop::core::EventLoop"
vigem-sys,C,3,6,0,"u128"
pollen-sys,C,13,1,0,"fn()"
ark-api-ffi,C,1,7,1,"char"
ark-api-ffi,C,3,6,0,"u128"
eosio_cdt_sys,C,2,6,1,"i128"
eosio_cdt_sys,C,3,6,0,"u128"
blis-sys,C,3,6,0,"u128"
cl-sys,system,1,7,0,"char"
lucet-runtime-internals,C,5,16,0,"std::arch::x86_64::__m128"
scip-sys,C,3,6,0,"u128"
sapp-linux,C,7,3,0,"str"
lapacke-sys,C,8,20,1,"[f64; 2]"
lapacke-sys,C,8,20,0,"[f32; 2]"
inexor-rgf-plugin-metadata,C,14,4,0,"dyn inexor_rgf_core_plugins::PluginRegistrar"
inexor-rgf-plugin-metadata,C,5,16,1,"std::vec::Vec<inexor_rgf_core_plugins::PluginDependency>"
sdl2-sys,C,3,6,0,"u128"
phidget-sys,C,3,6,0,"u128"
euphrates_x64,win64,8,20,1,"[u8; 8]"
euphrates_x64,win64,8,20,0,"[u8; 4]"
ladspa_noisecoring,C,5,10,0,"std::option::Option<ladspa::PluginDescriptor>"
libduckdb-sys,C,3,6,0,"u128"
holochain_wasmer_guest,Rust,3,6,0,"u128"
fuchsia_backtrace,C,14,4,0,"dyn DsoVisitor"
encoding_c_mem,C,1,7,0,"char"
psp,C,14,4,0,"dyn core::any::Any + core::marker::Send"
companion-service,C,14,4,0,"dyn Service + std::marker::Sync"
duku,C,5,11,0,"vk::MemoryRequirements2KHR"
grb-sys2,C,5,11,0,"GRBenv"
grb-sys2,C,5,11,1,"GRBmodel"
skyline,C,13,1,1,"for<'a, 'b> fn(&'a nro::NroInfo<'b>)"
skyline,C,5,16,0,"hooks::Hook"
wasmcloud-httpclient,C,14,4,0,"dyn wasmcloud_provider_core::CapabilityProvider"
inmemory-keyvalue,C,14,4,0,"dyn codec::capabilities::CapabilityProvider"
confium,C,5,10,0,"std::result::Result<(), error::Error>"
ladspa,C,5,10,0,"std::option::Option<PluginDescriptor>"
minimp4-sys,C,3,6,0,"u128"
packed_simd,C,5,16,12,"codegen::v128::u32x4"
packed_simd,C,5,16,3,"codegen::v128::u8x16"
packed_simd,C,5,16,13,"codegen::v256::u32x8"
packed_simd,C,5,16,19,"codegen::v256::u128x2"
packed_simd,C,5,16,15,"codegen::v128::u64x2"
packed_simd,C,5,16,1,"codegen::v32::u8x4"
packed_simd,C,5,16,16,"codegen::v256::u64x4"
packed_simd,C,5,16,23,"codegen::v256::f32x8"
packed_simd,C,5,16,24,"codegen::v512::f32x16"
packed_simd,C,5,16,27,"codegen::v512::f64x8"
packed_simd,C,5,16,25,"codegen::v128::f64x2"
packed_simd,C,5,16,8,"codegen::v128::u16x8"
packed_simd,C,5,16,26,"codegen::v256::f64x4"
packed_simd,C,5,16,10,"codegen::v512::u16x32"
packed_simd,C,5,16,18,"codegen::v128::u128x1"
packed_simd,C,5,16,5,"codegen::v512::u8x64"
packed_simd,C,5,16,2,"codegen::v64::u8x8"
packed_simd,C,5,16,4,"codegen::v256::u8x32"
packed_simd,C,5,16,17,"codegen::v512::u64x8"
packed_simd,C,5,16,21,"codegen::v64::f32x2"
packed_simd,C,5,16,7,"codegen::v64::u16x4"
packed_simd,C,5,16,6,"codegen::v32::u16x2"
packed_simd,C,5,16,9,"codegen::v256::u16x16"
packed_simd,C,5,16,14,"codegen::v512::u32x16"
packed_simd,C,5,16,0,"codegen::v16::u8x2"
packed_simd,C,5,16,11,"codegen::v64::u32x2"
packed_simd,C,5,16,20,"codegen::v512::u128x4"
packed_simd,C,5,16,22,"codegen::v128::f32x4"
inexor-rgf-plugin-state,C,14,4,0,"dyn inexor_rgf_core_plugins::PluginRegistrar"
inexor-rgf-plugin-state,C,5,16,1,"std::vec::Vec<inexor_rgf_core_plugins::PluginDependency>"
libiio-sys,C,3,6,0,"u128"
dittolive-ditto-sys,Rust,5,10,6,"std::option::Option<safer_ffi::Vec<ffi_utils::repr_c::Box<dittoffi::Document>>>"
dittolive-ditto-sys,C,5,10,4,"std::option::Option<safer_ffi::Vec<ffi_utils::repr_c::Box<dittoffi::Document>>>"
dittolive-ditto-sys,C,5,16,0,"safer_ffi::dyn_traits::ErasedTy"
dittolive-ditto-sys,C,8,20,8,"[u8; 8]"
dittolive-ditto-sys,C,5,10,3,"std::option::Option<safer_ffi::slice::slice_ref<'_, u8>>"
dittolive-ditto-sys,C,5,16,9,"safer_ffi::tuple::void::CVoid"
dittolive-ditto-sys,C,5,10,7,"std::option::Option<safer_ffi::slice::slice_boxed<usize>>"
dittolive-ditto-sys,C,5,10,2,"std::option::Option<safer_ffi::slice::slice_boxed<u8>>"
dittolive-ditto-sys,C,5,10,5,"std::option::Option<safer_ffi::Vec<safer_ffi::slice::slice_boxed<u8>>>"
dittolive-ditto-sys,C,5,10,1,"std::option::Option<safer_ffi::Vec<safer_ffi::char_p::char_p_boxed>>"
agora-rtm,C,5,11,0,"ffi::root::agora::rtm::IRtmServiceEventHandler__bindgen_vtable"
irssi-sys,C,3,6,0,"u128"
mp4decrypt,C,5,16,0,"std::vec::Vec<u8>"
pen-ffi,C,5,10,0,"core::option::Option<*mut core::task::Context<'_>>"
hc_zome_file_storage_coordinator,C,3,6,0,"u128"
tectonic_engine_bibtex,C,5,16,2,"tectonic_io_base::InputHandle"
tectonic_engine_bibtex,C,5,16,1,"c_api::peekable::PeekableInput"
tectonic_engine_bibtex,C,5,16,3,"tectonic_io_base::OutputHandle"
tectonic_engine_bibtex,C,5,16,0,"tectonic_bridge_core::CoreBridgeState<'_>"
applevisor-sys,C,5,16,0,"std::simd::Simd<i8, 16>"
ext-test,C,14,4,0,"dyn ext_mgr::app::App"
rcap,C,8,20,0,"[Struct___va_list_tag; 1]"
inexor-rgf-plugin-value,C,5,16,1,"std::vec::Vec<inexor_rgf_core_plugins::PluginDependency>"
inexor-rgf-plugin-value,C,14,4,0,"dyn inexor_rgf_core_plugins::PluginRegistrar"
wasmer-runtime-core-fl,C,5,16,1,"units::Pages"
wasmer-runtime-core-fl,C,5,16,2,"types::ImportedMemoryIndex"
wasmer-runtime-core-fl,C,5,16,3,"types::LocalTableIndex"
wasmer-runtime-core-fl,C,5,16,0,"types::LocalMemoryIndex"
obs-sys,C,3,6,0,"u128"
metacall,C,3,6,0,"u128"
safer-ffi-gen,C,5,16,0,"safer_ffi::tuple::void::CVoid"
tmux_plugin,C,3,6,0,"u128"
hdk,C,3,6,0,"u128"
linkbot,C,5,16,0,"std::sync::Mutex<u8>"
libpostal-sys,C,3,6,0,"u128"
externc-libm,C,19,2,0,"(f64, i32)"
externc-libm,C,19,2,1,"(f32, i32)"
externc-libm,C,19,2,2,"(f64, f64)"
externc-libm,C,19,2,3,"(f32, f32)"
cdds-util,C,3,6,0,"u128"
inexor-rgf-plugin-connector,C,14,4,0,"dyn inexor_rgf_core_plugins::PluginRegistrar"
inexor-rgf-plugin-connector,C,5,16,1,"std::vec::Vec<inexor_rgf_core_plugins::PluginDependency>"
cuda-oxide,C,3,6,0,"u128"
croaring-sys-mw,C,3,6,0,"u128"
inexor-rgf-plugin-color,C,14,4,0,"dyn inexor_rgf_core_plugins::PluginRegistrar"
inexor-rgf-plugin-color,C,5,16,1,"std::vec::Vec<inexor_rgf_core_plugins::PluginDependency>"
lenna_core,C,14,4,0,"dyn plugins::PluginRegistrar"
inexor-rgf-plugin-system-environment,C,5,16,1,"std::vec::Vec<inexor_rgf_core_plugins::PluginDependency>"
inexor-rgf-plugin-system-environment,C,14,4,0,"dyn inexor_rgf_core_plugins::PluginRegistrar"
pbf-reader,C,9,5,0,"[char]"
x11nas,C,5,11,14,"xlib::_XkbOverlay"
x11nas,C,5,11,0,"xlib::_XcmsColorSpace"
x11nas,C,5,11,1,"xlib::_XcmsFunctionSet"
x11nas,C,5,11,30,"xlib::_XkbControlsNotify"
x11nas,C,5,11,16,"xlib::_XkbOverlayKey"
x11nas,C,5,11,34,"glx::__GLXFBConfigRec"
x11nas,C,5,11,2,"xlib::XcmsColor"
x11nas,C,5,11,41,"xmu::_XmuDisplayQueue"
x11nas,C,5,11,10,"xlib::_XkbRow"
x11nas,C,5,11,22,"xlib::_XkbDeviceChanges"
x11nas,C,5,11,29,"xlib::_XkbControlsChanges"
x11nas,C,5,11,15,"xlib::_XkbOverlayRow"
x11nas,C,5,11,40,"xmu::_XmuScanline"
x11nas,C,5,11,51,"xt::_TranslationData"
x11nas,C,5,11,55,"xt::_XtCheckpointTokenRec"
x11nas,C,5,11,4,"xlib::_XkbDeviceInfo"
x11nas,C,5,11,44,"xmu::_XmuWidgetNode"
x11nas,C,5,11,31,"xlib::_XkbExtensionDeviceNotify"
x11nas,C,5,11,33,"xlib::_XkbAction"
x11nas,C,5,11,5,"xlib::_XkbDeviceLedInfo"
x11nas,C,5,11,6,"xlib::_XkbGeometry"
x11nas,C,5,11,19,"xlib::_XkbKeyType"
x11nas,C,5,11,35,"glx::__GLXcontextRec"
x11nas,C,5,11,7,"xlib::_XkbColor"
x11nas,C,5,11,39,"xt::_WidgetRec"
x11nas,C,5,11,28,"xlib::_XkbIndicatorMapRec"
x11nas,C,5,11,13,"xlib::_XkbOutline"
x11nas,C,5,11,50,"xt::Arg"
x11nas,C,5,11,12,"xlib::_XkbShape"
x11nas,C,5,11,53,"xt::_XtResource"
x11nas,C,5,11,20,"xlib::_XkbGeometrySizes"
x11nas,C,5,11,38,"xmu::_XmuArea"
x11nas,C,5,11,45,"xrandr::XRRScreenConfiguration"
x11nas,C,5,11,32,"xlib::_XkbNamesNotify"
x11nas,C,5,11,48,"xt::XtConvertArgRec"
x11nas,C,5,11,54,"xt::XtWidgetGeometry"
x11nas,C,5,11,18,"xlib::_XkbControls"
x11nas,C,5,11,21,"xlib::_XkbChanges"
x11nas,C,5,11,26,"xlib::_XkbComponentList"
x11nas,C,5,11,8,"xlib::_XkbSection"
x11nas,C,5,11,23,"xlib::_XkbMapChanges"
x11nas,C,5,11,27,"xlib::_XkbComponentNames"
x11nas,C,5,11,36,"xt::_XtAppStruct"
x11nas,C,5,11,25,"xlib::_XkbBounds"
x11nas,C,5,11,37,"xmu::_XmuSegment"
x11nas,C,5,11,9,"xlib::_XkbDoodad"
x11nas,C,5,11,11,"xlib::_XkbKey"
x11nas,C,5,11,17,"xlib::_XkbProperty"
x11nas,C,5,11,43,"xmu::_AtomRec"
x11nas,C,5,11,42,"xmu::_XmuDisplayQueueEntry"
x11nas,C,5,11,3,"xlib::_XcmsCCC"
x11nas,C,5,11,46,"xt::_XtActionsRec"
x11nas,C,5,11,47,"xt::_XtCallbackRec"
x11nas,C,5,11,24,"xlib::_XkbNameChanges"
x11nas,C,5,11,52,"xt::SubstitutionRec"
x11nas,C,5,11,49,"xt::_WidgetClassRec"
emf-core-base-rs-ffi,C-unwind,13,1,0,"fn()"
stabby-abi,Rust,5,10,3,"std::option::Option<F>"
stabby-abi,C,5,16,0,"std::sync::Arc<future::stable_waker::StableWakerInner>"
stabby-abi,C,5,10,2,"std::option::Option<F>"
stabby-abi,C,19,2,1,"()"
pinyin-translator,C,5,16,0,"PinyinTranslator<'_>"
neotron-api,C,19,2,0,"()"
maia,Rust,5,10,0,"std::result::Result<(), types::VkError>"
maia,system,5,10,1,"std::result::Result<(), types::VkError>"
dittolive-ditto,C,5,16,0,"safer_ffi::tuple::void::CVoid"
dittolive-ditto,C,5,10,1,"std::option::Option<safer_ffi::Vec<ffi_sdk::ffi_utils::repr_c::Box<ffi_sdk::Document>>>"
hc_zome_peer_status_coordinator,C,3,6,0,"u128"
nature_demo_converter,C,5,10,0,"nature_common::ConverterReturned"
monotron-app,C,19,2,0,"(u16, u16)"
monotron-app,C,5,16,1,"JoystickState"
sidh,C,5,16,0,"subtle::Choice"
lava,C,8,20,0,"[f32; 4]"
ecdh,C,5,11,12,"bindings_ecdh::evp_cipher_st"
ecdh,C,5,11,17,"bindings_sha::SHA512state_st"
ecdh,C,5,11,2,"bindings_ecdh::bignum_ctx"
ecdh,C,5,11,16,"bindings_ecdh::ecdh_method"
ecdh,C,5,11,13,"bindings_ecdh::ec_method_st"
ecdh,C,5,11,3,"bindings_ecdh::bn_blinding_st"
ecdh,C,5,11,15,"bindings_ecdh::ec_point_st"
ecdh,C,5,11,9,"bindings_ecdh::conf_st"
ecdh,C,5,11,6,"bindings_ecdh::ASN1_ITEM_st"
ecdh,C,5,11,0,"bindings_ecdh::st_CRYPTO_EX_DATA_IMPL"
ecdh,C,5,11,10,"bindings_ecdh::v3_ext_ctx"
ecdh,C,5,11,5,"bindings_ecdh::ec_key_st"
ecdh,C,5,11,14,"bindings_ecdh::ec_group_st"
ecdh,C,5,11,11,"bindings_ecdh::asn1_pctx_st"
ecdh,C,5,11,8,"bindings_ecdh::ASN1_VALUE_st"
ecdh,C,5,11,1,"bindings_ecdh::hostent"
ecdh,C,5,11,7,"bindings_ecdh::x509_st"
ecdh,C,5,11,4,"bindings_ecdh::evp_pkey_st"
wasmcloud-redis,C,14,4,0,"dyn codec::CapabilityProvider"
fips_plugin_registry,C,14,4,0,"dyn PluginRegistrar"
hactool-sys,C,3,6,0,"u128"
gary-plugin-docker,C,14,4,0,"dyn core::plugins::runtime::RuntimePlugin"
libyang2-sys,C,3,6,0,"u128"
onload,C,5,11,3,"binding::zft"
onload,C,5,11,2,"binding::zftl"
onload,C,5,11,0,"binding::zfur"
onload,C,5,11,1,"binding::zfut"
libpcap,C,5,16,0,"clib::pcap"
wascc-telnet,C,14,4,0,"dyn codec::capabilities::CapabilityProvider"
wascc-logging,C,14,4,0,"dyn codec::capabilities::CapabilityProvider"
open-cl-sys,C,3,6,0,"u128"
multicast_dns,C,5,11,4,"bindings::avahi::types::AvahiStringList"
multicast_dns,C,5,11,6,"bindings::avahi::types::AvahiEntryGroup"
multicast_dns,C,5,11,2,"bindings::avahi::types::AvahiServiceResolver"
multicast_dns,C,5,11,0,"bindings::avahi::types::AvahiSimplePoll"
multicast_dns,C,5,11,5,"bindings::avahi::types::AvahiThreadedPoll"
multicast_dns,C,5,11,1,"bindings::avahi::types::AvahiPoll"
multicast_dns,C,5,11,3,"bindings::avahi::types::AvahiAddress"
tea-keyvalue-provider,C,14,4,0,"dyn codec::capabilities::CapabilityProvider"
pxtone-sys,C,3,6,0,"u128"
inexor-rgf-core-plugins,C,14,4,0,"dyn plugin_declaration::PluginRegistrar"
inexor-rgf-core-plugins,C,5,16,1,"std::vec::Vec<plugin_dependency::PluginDependency>"
xiapi-sys,C,3,6,0,"u128"
rust-mio,C,3,6,0,"u128"
remote-trait-object,C,19,2,0,"(&str, &str, fn(u32))"
neotron-common-bios,C,19,2,0,"()"
range-encoding,C,5,10,2,"std::result::Result<i32, std::io::Error>"
range-encoding,C,5,10,1,"std::result::Result<u8, std::io::Error>"
range-encoding,C,5,10,0,"std::result::Result<(), std::io::Error>"
rust-sqlite,C,8,20,0,"[ffi::Struct___va_list_tag; 1]"
qurs,C,3,6,0,"u128"
cxx-demo,C,5,16,0,"std::vec::Vec<std::string::String>"
jsonnet,C,5,11,0,"ffi::command::JsonnetVm"
plugkit,C,19,2,0,"(*const u8, usize)"
wayland-kbd,C,5,16,0,"ffi::xkb_state_component"
libsignal-protocol,C,5,10,0,"crypto::CipherMode"
coco-sys,C,3,6,0,"u128"
wasmcloud-logging,C,14,4,0,"dyn wasmcloud_provider_core::CapabilityProvider"
sgxs-loaders,C,5,16,0,"sgx_enclave_common::defs::PageProperties"
sgx_types,C,1,7,0,"char"
pliron,C,13,1,0,"for<'a, 'b> fn(&'a dyn attribute::Attribute, &'b context::Context) -> std::result::Result<(), error::CompilerError>"
pliron,C,13,1,1,"for<'a, 'b> fn(&'a dyn op::Op, &'b context::Context) -> std::result::Result<(), error::CompilerError>"
cloudabi,C,19,2,0,"(*mut (), usize)"
cloudabi,C,19,2,1,"(*const (), usize)"
cloudabi,C,19,2,3,"(*const ciovec, usize)"
cloudabi,C,19,2,2,"(*const iovec, usize)"
spvn_caller,C,5,16,0,"cpython::PyUnicode"
nobs-vk,system,8,20,0,"[f32; 4]"
hc_zome_profiles_integrity,C,3,6,0,"u128"
gnulightning-sys,C,3,6,0,"u128"
miniprot-sys,C,3,6,0,"u128"
mysqlbinlog,C,9,5,0,"[FieldInfo]"
clips-sys,C,3,6,0,"u128"
rusty_libimobiledevice,C,5,11,0,"bindings::ssl_data_private"
autoclip-core,C,14,4,0,"dyn PluginRegistrar"
uring-sys2,C,5,13,0,"libc::open_how"
nature_integrate_test_converter,C,5,10,0,"nature_common::ConverterReturned"
lbfgsb,C,3,6,0,"u128"
aanyx,C,14,4,0,"dyn plugin::PluginRegistrar<PluginType>"
wasmtime-runtime,C,5,16,0,"std::marker::PhantomPinned"
wasmtime-runtime,C,5,16,1,"std::arch::x86_64::__m128i"
sleef-trig-sys,C,5,16,0,"std::arch::x86_64::__m128d"
sleef-trig-sys,C,5,16,1,"std::arch::x86_64::__m256d"
hc_zome_profiles_coordinator,C,3,6,0,"u128"
quest-rs,C,3,6,0,"u128"
nature_integrate_test_executor,C,5,10,1,"std::result::Result<nature::domain::Instance, nature::common::NatureError>"
nature_integrate_test_executor,C,5,10,2,"std::result::Result<std::vec::Vec<nature::domain::Instance>, nature::common::NatureError>"
nature_integrate_test_executor,C,5,10,0,"nature::domain::ConverterReturned"
rawsock,C,5,10,0,"pcap_common::structs::PCapDirection"
trezor-crypto-sys,C,3,6,0,"u128"
flac-sys,C,3,6,0,"u128"
czmq-sys,C,8,20,2,"[i32; 38]"
czmq-sys,C,8,20,6,"[ffi::Struct_vm_read_entry; 256]"
czmq-sys,C,8,20,0,"[ffi::Struct___va_list_tag; 1]"
czmq-sys,C,8,20,4,"[i8; 37]"
czmq-sys,C,8,20,7,"[i8; 512]"
czmq-sys,C,8,20,5,"[i8; 4096]"
czmq-sys,C,8,20,1,"[i32; 37]"
czmq-sys,C,8,20,3,"[u8; 16]"
hacl-star-sys,C,8,20,0,"[u64; 2]"
agora-rtm-sdk,C,5,11,0,"ffi::root::agora::rtm::IRtmServiceEventHandler__bindgen_vtable"
intertrait,C,13,1,0,"fn() -> (std::any::TypeId, std::boxed::Box<dyn std::any::Any + std::marker::Send + std::marker::Sync>)"
virtualization-rs,C,5,21,0,"block::Block<(), ()>"
mtbl-sys,C,5,11,7,"mtbl_merger_options"
mtbl-sys,C,5,11,0,"mtbl_iter"
mtbl-sys,C,5,11,12,"mtbl_sorter"
mtbl-sys,C,5,11,2,"mtbl_writer"
mtbl-sys,C,5,11,3,"mtbl_writer_options"
mtbl-sys,C,5,11,6,"mtbl_metadata"
mtbl-sys,C,5,11,4,"mtbl_reader_options"
mtbl-sys,C,5,11,10,"mtbl_fileset"
mtbl-sys,C,5,11,1,"mtbl_source"
mtbl-sys,C,5,11,9,"mtbl_fileset_options"
mtbl-sys,C,5,11,11,"mtbl_sorter_options"
mtbl-sys,C,5,11,5,"mtbl_reader"
mtbl-sys,C,5,11,8,"mtbl_merger"
hc_iz_membrane_manager,C,3,6,0,"u128"
