rules::shift_token_line::test::serialize_default_rule,darklua,0.10.2
generator::token_based::test::empty_variadic_function_declaration_with_one_param,darklua,0.10.2
test_fetch3,soma-ctf,0.1.0-alpha
f16::tests::f16_rem,softfloat-wrapper,0.3.4
intervals::cp_solver::tests::case_2_f32::seed_07_32::greater_op_1_Operator__Gt::less_op_2_Operator__LtEq,datafusion-physical-expr,31.0.0
without_rules::module_locations::require_lua_file_in_sibling_nested_file,darklua,0.10.2
rule_tests::remove_compound_assignment::remove_compound_assignment_with_dense_generator::increase_true_in_parenthese_for_index,darklua,0.10.2
logic::instruction::operation::test_shr_wrapped::test_shr_wrapped_u64_u8_into_u64,snarkvm-synthesizer-program,0.14.6
tests::gen_uplc::list_clause_with_assign2,aiken-project,1.0.16-alpha
compare::tests::test_private_is_less_than_constant,snarkvm-circuit-types-scalar,0.14.6
generator::token_based::test::break_with_comment,darklua,0.10.2
intervals::cp_solver::tests::case_2_f64::seed_03_2::greater_op_1_Operator__Gt::less_op_1_Operator__Lt,datafusion-physical-expr,31.0.0
logic::instruction::operation::test_sub::test_sub_i128_i128_into_i128,snarkvm-synthesizer-program,0.14.6
rule_tests::no_local_function::two_local_using_the_other,darklua,0.10.2
generator::token_based::test::call_method_without_arguments,darklua,0.10.2
without_rules::module_locations::require_luau_file_without_extension,darklua,0.10.2
rule_tests::inject_value::inject_global_number_with_dense_generator::inject_integer,darklua,0.10.2
build_and_align,ska,0.3.2
intervals::cp_solver::tests::case_1_f64::seed_05_4::greater_op_2_Operator__GtEq::less_op_2_Operator__LtEq,datafusion-physical-expr,31.0.0
logic::instruction::operation::test_shr_wrapped::test_shr_wrapped_i16_u32_into_i16,snarkvm-synthesizer-program,0.14.6
rules::no_local_function::test::serialize_default_rule,darklua,0.10.2
rule_tests::remove_compound_assignment::remove_compound_assignment_with_token_based_generator::increase_field,darklua,0.10.2
rule_tests::group_local_assignment::group_local_assignment_with_readable_generator::three_locals,darklua,0.10.2
test_seek_for_prev_by_existing_key,sov-schema-db,0.2.0
logic::instruction::operation::test_sub_wrapped::test_sub_wrapped_u8_u8_into_u8,snarkvm-synthesizer-program,0.14.6
rules::bundle::test::serialize_default_rule,darklua,0.10.2
intervals::cp_solver::tests::case_2_f32::seed_05_4::greater_op_2_Operator__GtEq::less_op_1_Operator__Lt,datafusion-physical-expr,31.0.0
f32::tests::f32_fused_mul_add,softfloat-wrapper,0.3.4
test_update,soma-ctf,0.1.0-alpha
