crate_name,test_name,full_error_text,error_type,error_text,error_subtext,error_root
actix-lua,actor::tests::lua_actor_syntax_error,Undefined Behavior: memory access failed: null pointer is a dangling pointer (it has no provenance),Undefined Behavior,memory access failed,null pointer is a dangling pointer (it has no provenance),/root/.cargo/registry/src/index.crates.io-6f17d22bba15001f/rlua-0.16.3/lua/lstate.c:83:36
archive-lp,xz_tar_extract_a_file,"test failed, to rerun pass `--test xztar`",Test Failed,NA,NA,NA
ast-grep-tree-sitter-c-sharp,tests::can_load_grammar,internal compiler error: /usr/src/ffickle/rust/compiler/rustc_const_eval/src/interpret/operand.rs:77:42: Got a scalar pair where a scalar was expected,internal compiler error,/usr/src/ffickle/rust/compiler/rustc_const_eval/src/interpret/operand.rs,77,NA
authoscope,ctx::tests::verify_basic_auth_correct,Undefined Behavior: memory access failed: null pointer is a dangling pointer (it has no provenance),Undefined Behavior,memory access failed,null pointer is a dangling pointer (it has no provenance),/root/.cargo/registry/src/index.crates.io-6f17d22bba15001f/lua52-sys-0.1.2/lua/src/lstate.c:91:36
bad64,testcases,"Undefined Behavior: memory access failed: alloc has size 16, so pointer to 4 bytes starting at offset 16 is out-of-bounds",Undefined Behavior,memory access failed,"alloc4637 has size 16, so pointer to 4 bytes starting at offset 16 is out-of-bounds",/root/.cargo/registry/src/index.crates.io-6f17d22bba15001f/bad64-sys-0.5.0/arch-arm64/disassembler/decode_scratchpad.c:10581:23
bchlib,tests::test_decode_err,"memory leaked: alloc (Allocated in heap by LLVM, size: 4, align: 4), allocated here:",memory leaked,"alloc25425 (Allocated in heap by LLVM, size","4, align",NA
bchlib,tests::test_sync_codeword,"memory leaked: alloc (Allocated in heap by LLVM, size: 4096, align: 16), allocated here:",memory leaked,"alloc25408 (Allocated in heap by LLVM, size","4096, align",NA
bchlib,tests::test_decode,"memory leaked: alloc (Allocated in heap by LLVM, size: 64, align: 16), allocated here:",memory leaked,"alloc25408 (Allocated in heap by LLVM, size","64, align",NA
bchlib-sys,tests::it_works,"memory leaked: alloc (Allocated in heap by LLVM, size: 4096, align: 16), allocated here:",memory leaked,"alloc25439 (Allocated in heap by LLVM, size","4096, align",NA
bdk_chain,test_list_owned_txouts,"Undefined Behavior: attempting a read access using <> at alloc[0x8], but that tag does not exist in the borrow stack for this location",Undefined Behavior,"attempting a read access using <2123996> at alloc472097[0x8], but that tag does not exist in the borrow stack for this location",NA,/root/.cargo/registry/src/index.crates.io-6f17d22bba15001f/secp256k1-sys-0.6.1/depend/secp256k1/src/scalar_4x64_impl.h:124:118
bip322-simple,tests::test_base64_encoded_signature,"Undefined Behavior: attempting a read access using <> at alloc[0x140], but that tag does not exist in the borrow stack for this location",Undefined Behavior,"attempting a read access using <407500> at alloc171213[0x140], but that tag does not exist in the borrow stack for this location",NA,/root/.cargo/registry/src/index.crates.io-6f17d22bba15001f/secp256k1-sys-0.8.1/depend/secp256k1/src/scalar_4x64_impl.h:136:93
bip47,tests::test_ecdh_params,"Undefined Behavior: attempting a read access using <> at alloc[0x8], but that tag does not exist in the borrow stack for this location",Undefined Behavior,"attempting a read access using <391924> at alloc215584[0x8], but that tag does not exist in the borrow stack for this location",NA,/root/.cargo/registry/src/index.crates.io-6f17d22bba15001f/secp256k1-sys-0.5.2/depend/secp256k1/src/scalar_4x64_impl.h:124:118
blake2_c,test::test_all_parameters_blake2b,"Undefined Behavior: constructing invalid value at .value[0]: encountered uninitialized memory, but expected an integer",Undefined Behavior,constructing invalid value at .value[0],"encountered uninitialized memory, but expected an integer",NA
blitsort-sys,sort::test_sorted,"Undefined Behavior: attempting a write access using <> at alloc[0x4], but that tag only grants SharedReadOnly permission for this location",Undefined Behavior,"attempting a write access using <96315> at alloc24961[0x4], but that tag only grants SharedReadOnly permission for this location",NA,/usr/src/ffickle/extracted/blitsort/blitsort.c:81:92
blosc-src,roundtrip,"Undefined Behavior: deallocating alloc, which is C heap memory, using Allocated in heap by LLVM deallocation operation",Undefined Behavior,"deallocating alloc25207, which is C heap memory, using Allocated in heap by LLVM deallocation operation",NA,/usr/src/ffickle/extracted/c-blosc/blosc/blosc.c:237:5
blosc2-src,roundtrip,"Undefined Behavior: deallocating alloc, which is C heap memory, using Allocated in heap by LLVM deallocation operation",Undefined Behavior,"deallocating alloc25960, which is C heap memory, using Allocated in heap by LLVM deallocation operation",NA,/usr/src/ffickle/extracted/c-blosc2/blosc/blosc2.c:205:3
brioche-ducc,tests::array::elements,"Undefined Behavior: memory access failed: alloc has been freed, so this pointer is dangling",Undefined Behavior,memory access failed,"alloc46749 has been freed, so this pointer is dangling",:807:53
brotli2,drop_writer_incomplete_input_no_loop,"Undefined Behavior: using uninitialized data, but this operation requires initialized memory",Undefined Behavior,"using uninitialized data, but this operation requires initialized memory",NA,/root/.cargo/registry/src/index.crates.io-6f17d22bba15001f/brotli-sys-0.3.2/brotli/dec/state.c:87:24
bsalib,v105::tests::write_read_identity_bsa_compressed,LLI interoperation error: invalid memory copy with memcpy,LLI interoperation error,invalid memory copy with memcpy,NA,/root/.cargo/registry/src/index.crates.io-6f17d22bba15001f/lz4-sys-1.9.4/liblz4/lib/lz4frame.c:688:22
btreec,tests::ascend_descend,LLI interoperation error: invalid memory copy with memcpy,LLI interoperation error,invalid memory copy with memcpy,NA,/usr/src/ffickle/extracted/src/btree.c:147:5
bzip2,read::tests::multistream_read_till_eof,"Undefined Behavior: attempting a read access using <> at alloc[0x8], but that tag does not exist in the borrow stack for this location",Undefined Behavior,"attempting a read access using <103384> at alloc26985[0x8], but that tag does not exist in the borrow stack for this location",NA,/root/.cargo/registry/src/index.crates.io-6f17d22bba15001f/bzip2-sys-0.1.11+1.0.8/bzip2-1.0.8/bzlib.c:300:23
bzip2,read::tests::empty,"Undefined Behavior: attempting a read access using <> at alloc[0x8], but that tag does not exist in the borrow stack for this location",Undefined Behavior,"attempting a read access using <102997> at alloc26780[0x8], but that tag does not exist in the borrow stack for this location",NA,/root/.cargo/registry/src/index.crates.io-6f17d22bba15001f/bzip2-sys-0.1.11+1.0.8/bzip2-1.0.8/bzlib.c:454:45
bzip2,bufread::tests::bug_61,"Undefined Behavior: attempting a read access using <> at alloc[0x8], but that tag does not exist in the borrow stack for this location",Undefined Behavior,"attempting a read access using <103303> at alloc26940[0x8], but that tag does not exist in the borrow stack for this location",NA,/root/.cargo/registry/src/index.crates.io-6f17d22bba15001f/bzip2-sys-0.1.11+1.0.8/bzip2-1.0.8/decompress.c:197:178
capstone,test::test_arch_m680x_detail,"Undefined Behavior: using uninitialized data, but this operation requires initialized memory",Undefined Behavior,"using uninitialized data, but this operation requires initialized memory",NA,/root/.cargo/registry/src/index.crates.io-6f17d22bba15001f/capstone-sys-0.15.0/capstone/arch/M680X/M680XDisassembler.c:1001:54
carbon-dump,sublime::main,Undefined Behavior: memory access failed: 0x10[noalloc] is a dangling pointer (it has no provenance),Undefined Behavior,memory access failed,0x10[noalloc] is a dangling pointer (it has no provenance),/root/.cargo/registry/src/index.crates.io-6f17d22bba15001f/onig_sys-69.8.1/oniguruma/src/regparse.c:665:10
cat_solver,tests::bad_limit,"Undefined Behavior: using uninitialized data, but this operation requires initialized memory",Undefined Behavior,"using uninitialized data, but this operation requires initialized memory",NA,/usr/src/ffickle/extracted/kissat/src/clause.c:40:13
cf_rh320u_93_reader,buzzer,Undefined Behavior: scalar size mismatch: expected 4 bytes but got 16 bytes instead,Undefined Behavior,scalar size mismatch,expected 4 bytes but got 16 bytes instead,/root/.cargo/registry/src/index.crates.io-6f17d22bba15001f/libusb1-sys-0.6.4/libusb/libusb/os/threads_posix.h:81:92
chmlib-sys,open_example_file,"test failed, to rerun pass `--test smoke_test`",Test Failed,NA,NA,NA
clickhouse-driver-lz4,test::test_decompression,"Undefined Behavior: using uninitialized data, but this operation requires initialized memory",Undefined Behavior,"using uninitialized data, but this operation requires initialized memory",NA,/usr/src/ffickle/extracted/liblz4/lib/lz4.c:304:72
crypto_pimitives,aesni_test::aesni_192_key_expansion_test,"Undefined Behavior: memory access failed: alloc has size 24, so pointer to 8 bytes starting at offset 24 is out-of-bounds",Undefined Behavior,memory access failed,"alloc25171 has size 24, so pointer to 8 bytes starting at offset 24 is out-of-bounds",/usr/src/ffickle/extracted/src/hw/aesni_key.c:84:13
ctaes-sys,tests::aes_gcm_decrypt_test_vectors,"Undefined Behavior: constructing invalid value at .value.data.parent1.parent1.parent1.data.0[0]: encountered uninitialized memory, but expected an integer",Undefined Behavior,constructing invalid value at .value.data.parent1.parent1.parent1.data.0[0],"encountered uninitialized memory, but expected an integer",NA
db3-sqlparser,tests::test_can_load_grammar,internal compiler error: /usr/src/ffickle/rust/compiler/rustc_const_eval/src/interpret/operand.rs:77:42: Got a scalar pair where a scalar was expected,internal compiler error,/usr/src/ffickle/rust/compiler/rustc_const_eval/src/interpret/operand.rs,77,NA
dec,test_decimal128_ops,LLI interoperation error: invalid memory copy with memcpy: cannot copy equal pointers with different provenance.,LLI interoperation error,invalid memory copy with memcpy,cannot copy equal pointers with different provenance.,/root/.cargo/registry/src/index.crates.io-6f17d22bba15001f/decnumber-sys-0.1.5/decnumber/decBasic.c:3376:11
dec,test_decimal128_special_value_coefficient,"Undefined Behavior: attempting a read access using <> at alloc[0x0], but that tag does not exist in the borrow stack for this location",Undefined Behavior,"attempting a read access using <118260> at alloc32261[0x0], but that tag does not exist in the borrow stack for this location",NA,/root/.cargo/registry/src/index.crates.io-6f17d22bba15001f/decnumber-sys-0.1.5/decnumber/decBasic.c:2644:10
dec,test_agg_wide_narrow_decnum,"Undefined Behavior: attempting a read access using <> at alloc[0x8], but that tag does not exist in the borrow stack for this location",Undefined Behavior,"attempting a read access using <118317> at alloc31795[0x8], but that tag does not exist in the borrow stack for this location",NA,/root/.cargo/registry/src/index.crates.io-6f17d22bba15001f/decnumber-sys-0.1.5/decnumber/decNumber.c:6378:12
dec,test_standard_notation_decimal,"Undefined Behavior: attempting a read access using <> at alloc[0x8], but that tag does not exist in the borrow stack for this location",Undefined Behavior,"attempting a read access using <122006> at alloc32833[0x8], but that tag does not exist in the borrow stack for this location",NA,/root/.cargo/registry/src/index.crates.io-6f17d22bba15001f/decnumber-sys-0.1.5/decnumber/decNumber.c:6380:22
dec,decnum_round_reduce_to_place,"Undefined Behavior: attempting a read access using <> at alloc[0x8], but that tag does not exist in the borrow stack for this location",Undefined Behavior,"attempting a read access using <117205> at alloc31256[0x8], but that tag does not exist in the borrow stack for this location",NA,/root/.cargo/registry/src/index.crates.io-6f17d22bba15001f/decnumber-sys-0.1.5/decnumber/decNumber.c:6944:9
dec,decnum_raw_parts,"Undefined Behavior: constructing invalid value at .value.lsu[6]: encountered uninitialized memory, but expected an integer",Undefined Behavior,constructing invalid value at .value.lsu[6],"encountered uninitialized memory, but expected an integer",NA
dec,test_decimal128_set_exponent,"Undefined Behavior: using uninitialized data, but this operation requires initialized memory",Undefined Behavior,"using uninitialized data, but this operation requires initialized memory",NA,/root/.cargo/registry/src/index.crates.io-6f17d22bba15001f/decnumber-sys-0.1.5/decnumber/decCommon.c:1625:77
dec-number-sys,test_dec_double_zero,"LLI interoperation error: LLVM field count mismatch: cannot convert an LLVM value with 1 fields to a Rust value of type (), which has 0 fields.",LLI interoperation error,LLVM field count mismatch,"cannot convert an LLVM value with 1 fields to a Rust value of type (), which has 0 fields.",NA
dec-number-sys,test_dec_quad_divide_fma,LLI interoperation error: invalid memory copy with memcpy,LLI interoperation error,invalid memory copy with memcpy,NA,/usr/src/ffickle/extracted/decNumber-icu-368/decBasic.c:2249:15
dec-number-sys,test_dec_quad_get_coefficient,"Undefined Behavior: attempting a write access using <> at alloc[0x0], but that tag only grants SharedReadOnly permission for this location",Undefined Behavior,"attempting a write access using <117569> at alloc30626[0x0], but that tag only grants SharedReadOnly permission for this location",NA,/usr/src/ffickle/extracted/decNumber-icu-368/decCommon.c:1061:195
dec-number-sys,test_dec_quad_get_exponent,"test failed, to rerun pass `--test dec_quad`",Test Failed,NA,NA,NA
decnumber-sys,simple_addition,"Undefined Behavior: constructing invalid value at .value.lsu[6]: encountered uninitialized memory, but expected an integer",Undefined Behavior,constructing invalid value at .value.lsu[6],"encountered uninitialized memory, but expected an integer",NA
digibyte,util::bip32::tests::test_vector_1,"Undefined Behavior: attempting a read access using <> at alloc[0x2c], but that tag does not exist in the borrow stack for this location",Undefined Behavior,"attempting a read access using <7690898> at alloc7561741[0x2c], but that tag does not exist in the borrow stack for this location",NA,/root/.cargo/registry/src/index.crates.io-6f17d22bba15001f/secp256k1-sys-0.4.0/depend/secp256k1/src/scalar_4x64_impl.h:122:168
ducc,tests::array::elements,"Undefined Behavior: memory access failed: alloc has been freed, so this pointer is dangling",Undefined Behavior,memory access failed,"alloc46877 has been freed, so this pointer is dangling",:807:53
duk,tests::call_non_existent,"Undefined Behavior: memory access failed: alloc has been freed, so this pointer is dangling",Undefined Behavior,memory access failed,"alloc47897 has been freed, so this pointer is dangling",:808:53
dukt,serialize::tests::deserialize_num,"Undefined Behavior: memory access failed: alloc has been freed, so this pointer is dangling",Undefined Behavior,memory access failed,"alloc45271 has been freed, so this pointer is dangling",:808:53
ecma_regex,supports_look_ahead,"Undefined Behavior: deallocating alloc, which is Allocated in heap by LLVM memory, using Rust heap deallocation operation",Undefined Behavior,"deallocating alloc26586, which is Allocated in heap by LLVM memory, using Rust heap deallocation operation",NA,NA
emd,tests::test_distance,"memory leaked: alloc (Rust heap, size: 16, align: 8), allocated here:",memory leaked,"alloc27354 (Rust heap, size","16, align",NA
entab,compression::tests::test_read_bzip2,"Undefined Behavior: attempting a read access using <> at alloc[0x8], but that tag does not exist in the borrow stack for this location",Undefined Behavior,"attempting a read access using <119158> at alloc33604[0x8], but that tag does not exist in the borrow stack for this location",NA,/root/.cargo/registry/src/index.crates.io-6f17d22bba15001f/bzip2-sys-0.1.11+1.0.8/bzip2-1.0.8/decompress.c:197:178
etch,example,"Undefined Behavior: using uninitialized data, but this operation requires initialized memory",Undefined Behavior,"using uninitialized data, but this operation requires initialized memory",NA,/root/.cargo/registry/src/index.crates.io-6f17d22bba15001f/miniz-sys-0.1.12/miniz.c:2362:19
eth-secp256k1,ecdh::tests::ecdh,"Undefined Behavior: constructing invalid value at .value.0[0]: encountered uninitialized memory, but expected an integer",Undefined Behavior,constructing invalid value at .value.0[0],"encountered uninitialized memory, but expected an integer",NA
everrs,chacha20poly1305::tests::seal_test_inplace,LLI interoperation error: invalid memory copy with memcpy,LLI interoperation error,invalid memory copy with memcpy,NA,/usr/src/ffickle/extracted/src/hacl/c89-compatible/Hacl_Chacha20.c:268:3
experimental-tree-sitter-swift,tests::test_can_load_grammar,internal compiler error: /usr/src/ffickle/rust/compiler/rustc_const_eval/src/interpret/operand.rs:77:42: Got a scalar pair where a scalar was expected,internal compiler error,/usr/src/ffickle/rust/compiler/rustc_const_eval/src/interpret/operand.rs,77,NA
fastcrypto,secp256k1_tests::public_key_from_bytes,"Undefined Behavior: attempting a read access using <> at alloc[0x48], but that tag does not exist in the borrow stack for this location",Undefined Behavior,"attempting a read access using <961853> at alloc759104[0x48], but that tag does not exist in the borrow stack for this location",NA,/root/.cargo/registry/src/index.crates.io-6f17d22bba15001f/secp256k1-sys-0.8.1/depend/secp256k1/src/eckey_impl.h:18:24
fastcrypto,secp256k1_tests::to_from_bytes_signature,"Undefined Behavior: attempting a read access using <> at alloc[0x48], but that tag does not exist in the borrow stack for this location",Undefined Behavior,"attempting a read access using <1242761> at alloc1032405[0x48], but that tag does not exist in the borrow stack for this location",NA,/root/.cargo/registry/src/index.crates.io-6f17d22bba15001f/secp256k1-sys-0.8.1/depend/secp256k1/src/scalar_4x64_impl.h:136:44
fastcrypto,secp256k1_recoverable_tests::to_from_bytes_signature,"Undefined Behavior: attempting a read access using <> at alloc[0x50], but that tag does not exist in the borrow stack for this location",Undefined Behavior,"attempting a read access using <1242916> at alloc1032427[0x50], but that tag does not exist in the borrow stack for this location",NA,/root/.cargo/registry/src/index.crates.io-6f17d22bba15001f/secp256k1-sys-0.8.1/depend/secp256k1/src/scalar_4x64_impl.h:136:44
fastcrypto,secp256k1_recoverable_tests::signature_service,"Undefined Behavior: attempting a read access using <> at alloc[0x80], but that tag does not exist in the borrow stack for this location",Undefined Behavior,"attempting a read access using <1124993> at alloc760968[0x80], but that tag does not exist in the borrow stack for this location",NA,/root/.cargo/registry/src/index.crates.io-6f17d22bba15001f/secp256k1-sys-0.8.1/depend/secp256k1/src/scalar_4x64_impl.h:133:25
fastcrypto,secp256k1_recoverable_tests::test_sk_zeroization_on_drop,"Undefined Behavior: trying to retag from <> for SharedReadOnly permission at alloc[0x2a], but that tag does not exist in the borrow stack for this location",Undefined Behavior,"trying to retag from <576846> for SharedReadOnly permission at alloc374016[0x2a], but that tag does not exist in the borrow stack for this location",NA,NA
fastcrypto,secp256k1_recoverable_tests::verify_invalid_batch_different_msg,"Undefined Behavior: trying to retag from <> for Unique permission at alloc[0x18], but that tag does not exist in the borrow stack for this location",Undefined Behavior,"trying to retag from <2226343> for Unique permission at alloc1970198[0x18], but that tag does not exist in the borrow stack for this location",NA,NA
fbx3d,tests::blender_cube,"Undefined Behavior: using uninitialized data, but this operation requires initialized memory",Undefined Behavior,"using uninitialized data, but this operation requires initialized memory",NA,/root/.cargo/registry/src/index.crates.io-6f17d22bba15001f/miniz-sys-0.1.12/miniz.c:2362:19
flatarchive,compression::bzip::tests::test_compress_empty,"Undefined Behavior: attempting a read access using <> at alloc[0x8], but that tag does not exist in the borrow stack for this location",Undefined Behavior,"attempting a read access using <130585> at alloc34662[0x8], but that tag does not exist in the borrow stack for this location",NA,/root/.cargo/registry/src/index.crates.io-6f17d22bba15001f/bzip2-sys-0.1.11+1.0.8/bzip2-1.0.8/bzlib.c:300:23
gmod-lzma,test_compress,"Undefined Behavior: using uninitialized data, but this operation requires initialized memory",Undefined Behavior,"using uninitialized data, but this operation requires initialized memory",NA,/usr/src/ffickle/extracted/bootil/src/3rdParty/lzma/LzFind.c:224:28
grin_secp256k1zkp,ecdh::tests::ecdh,"Undefined Behavior: constructing invalid value at .value.0[0]: encountered uninitialized memory, but expected an integer",Undefined Behavior,constructing invalid value at .value.0[0],"encountered uninitialized memory, but expected an integer",NA
grin_secp256k1zkp,key::test::test_bad_deserialize,"Undefined Behavior: constructing invalid value at .value[0]: encountered uninitialized memory, but expected an integer",Undefined Behavior,constructing invalid value at .value[0],"encountered uninitialized memory, but expected an integer",NA
h264bsd,tests::decode_and_save,"Undefined Behavior: attempting a write access using <> at alloc[0x28], but that tag does not exist in the borrow stack for this location",Undefined Behavior,"attempting a write access using <100506> at alloc25373[0x28], but that tag does not exist in the borrow stack for this location",NA,/root/.cargo/registry/src/index.crates.io-6f17d22bba15001f/h264bsd-sys-0.1.0/h264bsd/src/h264bsd_decoder.c:987:20
hlua,any::tests::non_utf_8_string,Undefined Behavior: memory access failed: null pointer is a dangling pointer (it has no provenance),Undefined Behavior,memory access failed,null pointer is a dangling pointer (it has no provenance),/root/.cargo/registry/src/index.crates.io-6f17d22bba15001f/lua52-sys-0.1.2/lua/src/lstate.c:91:36
kaspa-consensus-core,sign::tests::test_and_verify_sign,"Undefined Behavior: attempting a read access using <> at alloc[0x0], but that tag does not exist in the borrow stack for this location",Undefined Behavior,"attempting a read access using <713588> at alloc220828[0x0], but that tag does not exist in the borrow stack for this location",NA,/root/.cargo/registry/src/index.crates.io-6f17d22bba15001f/secp256k1-sys-0.6.1/depend/secp256k1/src/field_5x52_impl.h:324:25
kg-js,de::tests::deserialize_nan,"Undefined Behavior: trying to retag from <> for SharedReadWrite permission at alloc[0x8], but that tag only grants SharedReadOnly permission for this location",Undefined Behavior,"trying to retag from <104612> for SharedReadWrite permission at alloc28617[0x8], but that tag only grants SharedReadOnly permission for this location",NA,NA
kissat,tests::miter_buggy_mux2,"Undefined Behavior: using uninitialized data, but this operation requires initialized memory",Undefined Behavior,"using uninitialized data, but this operation requires initialized memory",NA,/usr/src/ffickle/extracted/kissat/src/clause.c:40:13
klu-rs,test::smoke_test,"Undefined Behavior: attempting a write access using <> at alloc[0x48], but that tag only grants SharedReadOnly permission for this location",Undefined Behavior,"attempting a write access using <100376> at alloc26099[0x48], but that tag only grants SharedReadOnly permission for this location",NA,/root/.cargo/registry/src/index.crates.io-6f17d22bba15001f/klu_sys-0.2.0/vendor/KLU/Source/klu_analyze.c:465:20
kurobako_core,domain::tests::constraint_test,Undefined Behavior: memory access failed: null pointer is a dangling pointer (it has no provenance),Undefined Behavior,memory access failed,null pointer is a dangling pointer (it has no provenance),/root/.cargo/registry/src/index.crates.io-6f17d22bba15001f/rlua-0.17.1/lua/lstate.c:83:36
libhydrogen,utils::tests::test_utils,"Undefined Behavior: using uninitialized data, but this operation requires initialized memory",Undefined Behavior,"using uninitialized data, but this operation requires initialized memory",NA,/root/.cargo/registry/src/index.crates.io-6f17d22bba15001f/libhydrogen-sys-0.9.1/libhydrogen/impl/core.h:188:21
librsync,test::delta,Undefined Behavior: memory access failed: null pointer is a dangling pointer (it has no provenance),Undefined Behavior,memory access failed,null pointer is a dangling pointer (it has no provenance),/root/.cargo/registry/src/index.crates.io-6f17d22bba15001f/librsync-sys-0.1.2/librsync/src/job.c:59:24
libtz,timezone::tests::basics,"test failed, to rerun pass `--lib`",Test Failed,NA,NA,NA
libtz-sys,tests::localtime_rz_test,"test failed, to rerun pass `--lib`",Test Failed,NA,NA,NA
libudis86-sys,tests::it_works,Undefined Behavior: memory access failed: 0x7ffafa11e870[noalloc] is a dangling pointer (it has no provenance),Undefined Behavior,memory access failed,0x7ffafa11e870[noalloc] is a dangling pointer (it has no provenance),/usr/src/ffickle/extracted/libudis86/udis86.c:52:24
libusb1-sys,test_get_device_list,Undefined Behavior: scalar size mismatch: expected 4 bytes but got 16 bytes instead,Undefined Behavior,scalar size mismatch,expected 4 bytes but got 16 bytes instead,/usr/src/ffickle/extracted/libusb/libusb/os/threads_posix.h:81:92
libwebp,decode::tests::test_incr_argb,"Undefined Behavior: attempting a read access using <> at alloc[0x1], but that tag does not exist in the borrow stack for this location",Undefined Behavior,"attempting a read access using <222991> at alloc41885[0x1], but that tag does not exist in the borrow stack for this location",NA,/root/.cargo/registry/src/index.crates.io-6f17d22bba15001f/libwebp-sys2-0.1.9/c_src/src/dec/idec_dec.c:772:13
littlefs2,fs::tests::issue_3_original_report,"Undefined Behavior: attempting a write access using <> at alloc[0x70], but that tag does not exist in the borrow stack for this location",Undefined Behavior,"attempting a write access using <143248> at alloc37981[0x70], but that tag does not exist in the borrow stack for this location",NA,/root/.cargo/registry/src/index.crates.io-6f17d22bba15001f/littlefs2-sys-0.1.7/littlefs/lfs.c:23:5
littlefs2,tests::attributes,"Undefined Behavior: attempting a write access using <> at alloc[0xf0], but that tag does not exist in the borrow stack for this location",Undefined Behavior,"attempting a write access using <156960> at alloc41502[0xf0], but that tag does not exist in the borrow stack for this location",NA,/root/.cargo/registry/src/index.crates.io-6f17d22bba15001f/littlefs2-sys-0.1.7/littlefs/lfs.c:23:5
lsmlite-rs,tests::can_work_with_compressed_db_with_background_checkpointer,"Undefined Behavior: attempting a write access using <> at alloc[0x0], but that tag only grants SharedReadOnly permission for this location",Undefined Behavior,"attempting a write access using <245628> at alloc78672[0x0], but that tag only grants SharedReadOnly permission for this location",NA,:81:9
lsmlite-rs,threads::tests::create_background_thread_checkpointer,"Undefined Behavior: attempting a write access using <> at alloc[0xe8], but that tag only grants SharedReadOnly permission for this location",Undefined Behavior,"attempting a write access using <117719> at alloc34995[0xe8], but that tag only grants SharedReadOnly permission for this location",NA,:81:9
lua-latest-sys,tests::version_test,Undefined Behavior: memory access failed: null pointer is a dangling pointer (it has no provenance),Undefined Behavior,memory access failed,null pointer is a dangling pointer (it has no provenance),/usr/src/ffickle/extracted/lua-5.4.4/src/lstate.c:73:37
lua-sys,test_arith,Undefined Behavior: memory access failed: null pointer is a dangling pointer (it has no provenance),Undefined Behavior,memory access failed,null pointer is a dangling pointer (it has no provenance),/usr/src/ffickle/extracted/embedded/lstate.c:83:36
lua_actor,actor::test_actor_new,Undefined Behavior: memory access failed: null pointer is a dangling pointer (it has no provenance),Undefined Behavior,memory access failed,null pointer is a dangling pointer (it has no provenance),/root/.cargo/registry/src/index.crates.io-6f17d22bba15001f/rlua-0.17.1/lua/lstate.c:83:36
luau-ast-rs-grammar,tests::test_can_load_grammar,internal compiler error: /usr/src/ffickle/rust/compiler/rustc_const_eval/src/interpret/operand.rs:77:42: Got a scalar pair where a scalar was expected,internal compiler error,/usr/src/ffickle/rust/compiler/rustc_const_eval/src/interpret/operand.rs,77,NA
lucet-runtime-internals,context::tests::c_child::call_child,"Undefined Behavior: constructing invalid value at .value.__val[0]: encountered uninitialized memory, but expected an integer",Undefined Behavior,constructing invalid value at .value.__val[0],"encountered uninitialized memory, but expected an integer",NA
lz4,decoder::test::test_decoder_empty,LLI interoperation error: invalid memory copy with memcpy,LLI interoperation error,invalid memory copy with memcpy,NA,/root/.cargo/registry/src/index.crates.io-6f17d22bba15001f/lz4-sys-1.9.4/liblz4/lib/lz4frame.c:688:22
lz4,decoder::test::test_decoder_smallest,"Undefined Behavior: memory access failed: alloc has size 8, so pointer to 4 bytes starting at offset 264 is out-of-bounds",Undefined Behavior,memory access failed,"alloc27279 has size 8, so pointer to 4 bytes starting at offset 264 is out-of-bounds",/root/.cargo/registry/src/index.crates.io-6f17d22bba15001f/lz4-sys-1.9.4/liblz4/lib/lz4frame.c:1581:24
lz4,decoder::test::test_decoder_send,"Undefined Behavior: memory access failed: alloc has size 8, so pointer to 8 bytes starting at offset 64 is out-of-bounds",Undefined Behavior,memory access failed,"alloc26990 has size 8, so pointer to 8 bytes starting at offset 64 is out-of-bounds",/root/.cargo/registry/src/index.crates.io-6f17d22bba15001f/lz4-sys-1.9.4/liblz4/lib/lz4frame.c:1263:40
lzzzz,lz4f::dictionary::tests::create_dictionary,"test failed, to rerun pass `--lib`",Test Failed,NA,NA,NA
minilzo-rs,tests::test_lzo_cmpress,"Undefined Behavior: constructing invalid value at .value[0]: encountered uninitialized memory, but expected an integer",Undefined Behavior,constructing invalid value at .value[0],"encountered uninitialized memory, but expected an integer",NA
minimp3_ex-sys,open_dummy_cb,"memory leaked: alloc (Allocated in heap by LLVM, size: 131072, align: 16), allocated here:",memory leaked,"alloc25238 (Allocated in heap by LLVM, size","131072, align",NA
molconv,xdr::c_abi::xdrfile_trr::tests::test_read_trr_nframes,"Undefined Behavior: attempting a write access using <> at alloc[0x0], but that tag only grants SharedReadOnly permission for this location",Undefined Behavior,"attempting a write access using <104723> at alloc27297[0x0], but that tag only grants SharedReadOnly permission for this location",NA,/usr/src/ffickle/extracted/external/xdrfile/src/xdrfile_trr.c:500:14
molconv,xdr::c_abi::xdrfile_xtc::tests::test_read_xtc_nframes,"Undefined Behavior: attempting a write access using <> at alloc[0x0], but that tag only grants SharedReadOnly permission for this location",Undefined Behavior,"attempting a write access using <104723> at alloc27297[0x0], but that tag only grants SharedReadOnly permission for this location",NA,/usr/src/ffickle/extracted/external/xdrfile/src/xdrfile_xtc.c:113:11
monacoin,util::bip32::tests::test_vector_1,"Undefined Behavior: attempting a read access using <> at alloc[0x2c], but that tag does not exist in the borrow stack for this location",Undefined Behavior,"attempting a read access using <7680659> at alloc7550425[0x2c], but that tag does not exist in the borrow stack for this location",NA,/root/.cargo/registry/src/index.crates.io-6f17d22bba15001f/secp256k1-sys-0.4.2/depend/secp256k1/src/scalar_4x64_impl.h:124:168
mozjpeg,compress::convert_colorspace,Undefined Behavior: not granting access to tag <> because that would remove [Unique for <104263>] which is weakly protected because it is an argument of call 46704,Undefined Behavior,not granting access to tag <103574> because that would remove [Unique for <104263>] which is weakly protected because it is an argument of call 46704,NA,/root/.cargo/registry/src/index.crates.io-6f17d22bba15001f/mozjpeg-sys-2.0.4/vendor/jcapistd.c:54:17
mozjpeg,compress::write_mem,Undefined Behavior: not granting access to tag <> because that would remove [Unique for <106733>] which is weakly protected because it is an argument of call 47222,Undefined Behavior,not granting access to tag <103613> because that would remove [Unique for <106733>] which is weakly protected because it is an argument of call 47222,NA,/root/.cargo/registry/src/index.crates.io-6f17d22bba15001f/mozjpeg-sys-2.0.4/vendor/jcapistd.c:54:17
ms5837,tests::crc4,"Undefined Behavior: attempting a write access using <> at alloc[0x0], but that tag only grants SharedReadOnly permission for this location",Undefined Behavior,"attempting a write access using <98365> at alloc25526[0x0], but that tag only grants SharedReadOnly permission for this location",NA,/usr/src/ffickle/extracted/src/crc4.c:10:13
mtpng,encoder::tests::create_and_state,"Undefined Behavior: trying to retag from <> for SharedReadOnly permission at alloc[0x0], but that tag does not exist in the borrow stack for this location",Undefined Behavior,"trying to retag from <275692> for SharedReadOnly permission at alloc60539[0x0], but that tag does not exist in the borrow stack for this location",NA,NA
mugle_secp256k1zkp,ecdh::tests::ecdh,"Undefined Behavior: constructing invalid value at .value.0[0]: encountered uninitialized memory, but expected an integer",Undefined Behavior,constructing invalid value at .value.0[0],"encountered uninitialized memory, but expected an integer",NA
mugle_secp256k1zkp,key::test::test_bad_deserialize,"Undefined Behavior: constructing invalid value at .value[0]: encountered uninitialized memory, but expected an integer",Undefined Behavior,constructing invalid value at .value[0],"encountered uninitialized memory, but expected an integer",NA
n5,compression::lz::tests::test_rw,LLI interoperation error: invalid memory copy with memcpy,LLI interoperation error,invalid memory copy with memcpy,NA,/root/.cargo/registry/src/index.crates.io-6f17d22bba15001f/lz4-sys-1.9.4/liblz4/lib/lz4frame.c:688:22
n5,compression::bzip::tests::test_rw,"Undefined Behavior: attempting a read access using <> at alloc[0x8], but that tag does not exist in the borrow stack for this location",Undefined Behavior,"attempting a read access using <114195> at alloc30489[0x8], but that tag does not exist in the borrow stack for this location",NA,/root/.cargo/registry/src/index.crates.io-6f17d22bba15001f/bzip2-sys-0.1.11+1.0.8/bzip2-1.0.8/bzlib.c:300:23
n5,compression::bzip::tests::test_read_doc_spec_block,"Undefined Behavior: attempting a read access using <> at alloc[0x8], but that tag does not exist in the borrow stack for this location",Undefined Behavior,"attempting a read access using <110875> at alloc29749[0x8], but that tag does not exist in the borrow stack for this location",NA,/root/.cargo/registry/src/index.crates.io-6f17d22bba15001f/bzip2-sys-0.1.11+1.0.8/bzip2-1.0.8/decompress.c:197:178
n5,compression::lz::tests::test_read_doc_spec_block,"Undefined Behavior: memory access failed: alloc has size 8, so pointer to 4 bytes starting at offset 264 is out-of-bounds",Undefined Behavior,memory access failed,"alloc29890 has size 8, so pointer to 4 bytes starting at offset 264 is out-of-bounds",/root/.cargo/registry/src/index.crates.io-6f17d22bba15001f/lz4-sys-1.9.4/liblz4/lib/lz4frame.c:1581:24
nakatoshi,tests::create_bitcoin_address,"test failed, to rerun pass `--bin nakatoshi`",Test Failed,NA,NA,NA
neuromorphic-drivers,read,Undefined Behavior: scalar size mismatch: expected 4 bytes but got 16 bytes instead,Undefined Behavior,scalar size mismatch,expected 4 bytes but got 16 bytes instead,/root/.cargo/registry/src/index.crates.io-6f17d22bba15001f/libusb1-sys-0.6.4/libusb/libusb/os/threads_posix.h:81:92
p256k1,point::tests::test_bip_340,"Undefined Behavior: attempting a write access using <> at alloc[0x2], but that tag does not exist in the borrow stack for this location",Undefined Behavior,"attempting a write access using <292684> at alloc189344[0x2], but that tag does not exist in the borrow stack for this location",NA,/usr/src/ffickle/extracted/_secp256k1/src/field_5x52_impl.h:362:10
p256k1,scalar::tests::add_assign,"test failed, to rerun pass `--lib`",Test Failed,NA,NA,NA
pbf-reader,tests::simple_count,"Undefined Behavior: using uninitialized data, but this operation requires initialized memory",Undefined Behavior,"using uninitialized data, but this operation requires initialized memory",NA,/root/.cargo/registry/src/index.crates.io-6f17d22bba15001f/miniz-sys-0.1.11/miniz.c:2362:19
pcre2,bytes::tests::find_start_end_and_as_bytes,"test failed, to rerun pass `--lib`",Test Failed,NA,NA,NA
pepegsitter,java::tests::test_can_load_grammar,internal compiler error: /usr/src/ffickle/rust/compiler/rustc_const_eval/src/interpret/operand.rs:77:42: Got a scalar pair where a scalar was expected,internal compiler error,/usr/src/ffickle/rust/compiler/rustc_const_eval/src/interpret/operand.rs,77,NA
phar,test_bzip,"Undefined Behavior: attempting a read access using <> at alloc[0x8], but that tag does not exist in the borrow stack for this location",Undefined Behavior,"attempting a read access using <109751> at alloc29053[0x8], but that tag does not exist in the borrow stack for this location",NA,/root/.cargo/registry/src/index.crates.io-6f17d22bba15001f/bzip2-sys-0.1.11+1.0.8/bzip2-1.0.8/bzlib.c:300:23
picohttpparser-sys,incomplete_1,"Undefined Behavior: attempting a write access using <> at alloc[0x98], but that tag does not exist in the borrow stack for this location",Undefined Behavior,"attempting a write access using <106391> at alloc27492[0x98], but that tag does not exist in the borrow stack for this location",NA,/usr/src/ffickle/extracted/deps/picohttpparser/picohttpparser.c:428:20
picohttpparser-sys,accept_msb_chars,"Undefined Behavior: memory access failed: alloc has size 5, so pointer to 8 bytes starting at offset 0 is out-of-bounds",Undefined Behavior,memory access failed,"alloc753 has size 5, so pointer to 8 bytes starting at offset 0 is out-of-bounds",/usr/src/ffickle/extracted/deps/picohttpparser/picohttpparser.c:109:28
picto,xyz::read_as_is,"Undefined Behavior: using uninitialized data, but this operation requires initialized memory",Undefined Behavior,"using uninitialized data, but this operation requires initialized memory",NA,/root/.cargo/registry/src/index.crates.io-6f17d22bba15001f/miniz-sys-0.1.12/miniz.c:2362:19
plthook,tests::replace_atof,Undefined Behavior: memory access failed: 0x7f0c9dcc2110[noalloc] is a dangling pointer (it has no provenance),Undefined Behavior,memory access failed,0x7f0c9dcc2110[noalloc] is a dangling pointer (it has no provenance),/usr/src/ffickle/extracted/vendor/plthook/plthook_elf.c:318:52
plthook,tests::use_c_api,Undefined Behavior: memory access failed: 0x7f2a5afd3110[noalloc] is a dangling pointer (it has no provenance),Undefined Behavior,memory access failed,0x7f2a5afd3110[noalloc] is a dangling pointer (it has no provenance),/usr/src/ffickle/extracted/vendor/plthook/plthook_elf.c:318:52
pqcrypto-threebears,ffi::test_mamabear_clean::test_ffi,"Undefined Behavior: incorrect number of arguments for `getrandom` syscall: got 1, expected at least 4",Undefined Behavior,incorrect number of arguments for `getrandom` syscall,"got 1, expected at least 4",/usr/src/ffickle/extracted/pqclean/common/randombytes.c:120:19
quickjs_regex,test_regex,"Undefined Behavior: memory access failed: alloc has size 10, so pointer to 1 byte starting at offset 10 is out-of-bounds",Undefined Behavior,memory access failed,"alloc25339 has size 10, so pointer to 1 byte starting at offset 10 is out-of-bounds",/root/.cargo/registry/src/index.crates.io-6f17d22bba15001f/quickjs_regex_backend-0.1.0/src/libregexp.c:1504:13
rabbitizer,tests::test_get_operand_type,"Undefined Behavior: accessing memory with alignment 1, but alignment 4 is required",Undefined Behavior,"accessing memory with alignment 1, but alignment 4 is required",NA,NA
rebound-sys,tests::test_integrate_particle,"LLI interoperation error: argument count mismatch: LLVM function reb_particle_new void (ptr, ptr, ptr, ...) expects at least 3 arguments, but Rust provided 4",LLI interoperation error,argument count mismatch,"LLVM function reb_particle_new void (ptr, ptr, ptr, ...) expects at least 3 arguments, but Rust provided 4",NA
rlua-async,tests::actually_awaiting_fn,Undefined Behavior: memory access failed: null pointer is a dangling pointer (it has no provenance),Undefined Behavior,memory access failed,null pointer is a dangling pointer (it has no provenance),/root/.cargo/registry/src/index.crates.io-6f17d22bba15001f/rlua-lua54-sys-0.1.1/lua-5.4.3/src/lstate.c:73:37
rlua-builders,test_all,Undefined Behavior: memory access failed: null pointer is a dangling pointer (it has no provenance),Undefined Behavior,memory access failed,null pointer is a dangling pointer (it has no provenance),/root/.cargo/registry/src/index.crates.io-6f17d22bba15001f/rlua-0.17.1/lua/lstate.c:83:36
rlua_serde,de::tests::test_enum,Undefined Behavior: memory access failed: null pointer is a dangling pointer (it has no provenance),Undefined Behavior,memory access failed,null pointer is a dangling pointer (it has no provenance),/root/.cargo/registry/src/index.crates.io-6f17d22bba15001f/rlua-0.17.1/lua/lstate.c:83:36
rs-secp256k1,ecdh::tests::ecdh,"Undefined Behavior: constructing invalid value at .value.0[0]: encountered uninitialized memory, but expected an integer",Undefined Behavior,constructing invalid value at .value.0[0],"encountered uninitialized memory, but expected an integer",NA
rsbx,multihash_tests::test_vectors::blake2b_512_test_vectors,"Undefined Behavior: constructing invalid value at .value[0]: encountered uninitialized memory, but expected an integer",Undefined Behavior,constructing invalid value at .value[0],"encountered uninitialized memory, but expected an integer",NA
rsofa,tests::test_apcg,"Undefined Behavior: attempting a read access using <> at alloc[0x18], but that tag does not exist in the borrow stack for this location",Undefined Behavior,"attempting a read access using <111719> at alloc29171[0x18], but that tag does not exist in the borrow stack for this location",NA,/usr/src/ffickle/extracted/extern/src/apcs.c:156:15
rsofa,tests::test_tr,"Undefined Behavior: attempting a read access using <> at alloc[0x18], but that tag does not exist in the borrow stack for this location",Undefined Behavior,"attempting a read access using <111566> at alloc29140[0x18], but that tag does not exist in the borrow stack for this location",NA,/usr/src/ffickle/extracted/extern/src/tr.c:41:21
rsofa,tests::test_ab,"Undefined Behavior: attempting a read access using <> at alloc[0x8], but that tag does not exist in the borrow stack for this location",Undefined Behavior,"attempting a read access using <111563> at alloc29137[0x8], but that tag does not exist in the borrow stack for this location",NA,/usr/src/ffickle/extracted/extern/src/pdp.c:34:9
rsofa,tests::test_pv,"Undefined Behavior: attempting a write access using <> at alloc[0x18], but that tag does not exist in the borrow stack for this location",Undefined Behavior,"attempting a write access using <111563> at alloc29139[0x18], but that tag does not exist in the borrow stack for this location",NA,/usr/src/ffickle/extracted/extern/src/zp.c:26:9
rsofa,tests::test_zr,"Undefined Behavior: attempting a write access using <> at alloc[0x18], but that tag does not exist in the borrow stack for this location",Undefined Behavior,"attempting a write access using <111727> at alloc29188[0x18], but that tag does not exist in the borrow stack for this location",NA,/usr/src/ffickle/extracted/extern/src/zr.c:29:12
rsofa,tests::test_zp,"Undefined Behavior: attempting a write access using <> at alloc[0x8], but that tag does not exist in the borrow stack for this location",Undefined Behavior,"attempting a write access using <111724> at alloc29185[0x8], but that tag does not exist in the borrow stack for this location",NA,/usr/src/ffickle/extracted/extern/src/zp.c:27:9
rtreec,tests::rtreec_new,LLI interoperation error: invalid memory copy with memcpy,LLI interoperation error,invalid memory copy with memcpy,NA,/usr/src/ffickle/extracted/src/rtree.c:201:5
rudeboy,add,Undefined Behavior: memory access failed: null pointer is a dangling pointer (it has no provenance),Undefined Behavior,memory access failed,null pointer is a dangling pointer (it has no provenance),/root/.cargo/registry/src/index.crates.io-6f17d22bba15001f/rlua-0.17.1/lua/lstate.c:83:36
ruwren,tests::foreign_instance,"Undefined Behavior: memory access failed: alloc has size 8, so pointer to 16 bytes starting at offset 0 is out-of-bounds",Undefined Behavior,memory access failed,"alloc30014 has size 8, so pointer to 16 bytes starting at offset 0 is out-of-bounds",NA
s-secp256k1,ecdh::tests::ecdh,"Undefined Behavior: constructing invalid value at .value.0[0]: encountered uninitialized memory, but expected an integer",Undefined Behavior,constructing invalid value at .value.0[0],"encountered uninitialized memory, but expected an integer",NA
shuffly,tests::end2end,LLI interoperation error: invalid memory copy with memcpy,LLI interoperation error,invalid memory copy with memcpy,NA,/root/.cargo/registry/src/index.crates.io-6f17d22bba15001f/lz4-sys-1.9.2/liblz4/lib/lz4frame.c:613:22
smalloca,tests::panic_test,Undefined Behavior: unwinding past the topmost frame of the stack,Undefined Behavior,unwinding past the topmost frame of the stack,NA,NA
smile,base64::test::encode,"Undefined Behavior: attempting a read access using <> at alloc[0x1], but that tag does not exist in the borrow stack for this location",Undefined Behavior,"attempting a read access using <99431> at alloc25920[0x1], but that tag does not exist in the borrow stack for this location",NA,/usr/src/ffickle/extracted/cry/src/crypt/base64.c:23:36
smile,base64::test::decode,"Undefined Behavior: attempting a read access using <> at alloc[0x1], but that tag does not exist in the borrow stack for this location",Undefined Behavior,"attempting a read access using <99434> at alloc25920[0x1], but that tag does not exist in the borrow stack for this location",NA,/usr/src/ffickle/extracted/cry/src/crypt/base64.c:72:17
smush,tests::decode_lz4,LLI interoperation error: invalid memory copy with memcpy,LLI interoperation error,invalid memory copy with memcpy,NA,/root/.cargo/registry/src/index.crates.io-6f17d22bba15001f/lz4-sys-1.8.3/liblz4/lib/lz4frame.c:594:22
smush,tests::decode_xz,"Undefined Behavior: using uninitialized data, but this operation requires initialized memory",Undefined Behavior,"using uninitialized data, but this operation requires initialized memory",NA,/root/.cargo/registry/src/index.crates.io-6f17d22bba15001f/lzma-sys-0.1.15/xz-5.2/src/liblzma/lzma/lzma_encoder_optimum_normal.c:250:36
spdkit,fingerprint::test_molecule_fingerprint,Undefined Behavior: memory access failed: 0x7ff10d01e868[noalloc] is a dangling pointer (it has no provenance),Undefined Behavior,memory access failed,0x7ff10d01e868[noalloc] is a dangling pointer (it has no provenance),/root/.cargo/registry/src/index.crates.io-6f17d22bba15001f/spdkit-nauty-0.1.1/lib/nauty.c:393:49
spdkit,fingerprint::test_reorder_by_connect,Undefined Behavior: memory access failed: 0x7ff6bf46c868[noalloc] is a dangling pointer (it has no provenance),Undefined Behavior,memory access failed,0x7ff6bf46c868[noalloc] is a dangling pointer (it has no provenance),/root/.cargo/registry/src/index.crates.io-6f17d22bba15001f/spdkit-nauty-0.1.1/lib/nauty.c:393:49
spdkit-nauty,test_nauty,Undefined Behavior: memory access failed: 0x7f7562ecb868[noalloc] is a dangling pointer (it has no provenance),Undefined Behavior,memory access failed,0x7f7562ecb868[noalloc] is a dangling pointer (it has no provenance),/usr/src/ffickle/extracted/lib/nauty.c:393:49
spdkit-nauty,nauty::test_nauty_labels,Undefined Behavior: memory access failed: 0x7fed2609c868[noalloc] is a dangling pointer (it has no provenance),Undefined Behavior,memory access failed,0x7fed2609c868[noalloc] is a dangling pointer (it has no provenance),/usr/src/ffickle/extracted/lib/nauty.c:393:49
special-fun,cephes_double::shichi,"LLI interoperation error: LLVM field count mismatch: cannot convert an LLVM value with 1 fields to a Rust value of type (), which has 0 fields.",LLI interoperation error,LLVM field count mismatch,"cannot convert an LLVM value with 1 fields to a Rust value of type (), which has 0 fields.",NA
speex-safe,bits::test::creates_and_drops,"Undefined Behavior: constructing invalid value at .value.reserved1: encountered uninitialized memory, but expected an integer",Undefined Behavior,constructing invalid value at .value.reserved1,"encountered uninitialized memory, but expected an integer",NA
spng,decode,"Undefined Behavior: trying to retag from <> for Unique permission at alloc[0x0], but that tag does not exist in the borrow stack for this location",Undefined Behavior,"trying to retag from <100352> for Unique permission at alloc26435[0x0], but that tag does not exist in the borrow stack for this location",NA,NA
spritz_cipher,c_check::compare_arduino,"LLI interoperation error: LLVM field count mismatch: cannot convert an LLVM value with 1 fields to a Rust value of type (), which has 0 fields.",LLI interoperation error,LLVM field count mismatch,"cannot convert an LLVM value with 1 fields to a Rust value of type (), which has 0 fields.",NA
tarantool,decimal::test::to_num,"Undefined Behavior: attempting a read access using <> at alloc[0x8], but that tag does not exist in the borrow stack for this location",Undefined Behavior,"attempting a read access using <116766> at alloc38128[0x8], but that tag does not exist in the borrow stack for this location",NA,/root/.cargo/registry/src/index.crates.io-6f17d22bba15001f/decnumber-sys-0.1.5/decnumber/decNumber.c:6979:28
tarantool,decimal::test::cmp,"Undefined Behavior: constructing invalid value at .value.lsu[6]: encountered uninitialized memory, but expected an integer",Undefined Behavior,constructing invalid value at .value.lsu[6],"encountered uninitialized memory, but expected an integer",NA
tectonic_engine_bibtex,c_api::pool::tests::test_pool,"Undefined Behavior: deallocating alloc, which is Allocated in heap by LLVM memory, using C heap deallocation operation",Undefined Behavior,"deallocating alloc27513, which is Allocated in heap by LLVM memory, using C heap deallocation operation",NA,NA
tectonic_engine_bibtex,c_api::xbuf::tests::test_grow,Undefined Behavior: deallocating while item [Unique for <>] is strongly protected by call 45438,Undefined Behavior,deallocating while item [Unique for <98966>] is strongly protected by call 45438,NA,/root/.cargo/registry/src/index.crates.io-6f17d22bba15001f/tectonic_bridge_core-0.4.0/support/support.c:50:19
tinyspline-sys,tests::interpolation,"memory leaked: alloc (Allocated in heap by LLVM, size: 256, align: 16), allocated here:",memory leaked,"alloc25893 (Allocated in heap by LLVM, size","256, align",NA
tree-sitter-apex,tests::test_can_load_grammar,internal compiler error: /usr/src/ffickle/rust/compiler/rustc_const_eval/src/interpret/operand.rs:77:42: Got a scalar pair where a scalar was expected,internal compiler error,/usr/src/ffickle/rust/compiler/rustc_const_eval/src/interpret/operand.rs,77,NA
tree-sitter-applesoft,tests::test_can_load_grammar,internal compiler error: /usr/src/ffickle/rust/compiler/rustc_const_eval/src/interpret/operand.rs:77:42: Got a scalar pair where a scalar was expected,internal compiler error,/usr/src/ffickle/rust/compiler/rustc_const_eval/src/interpret/operand.rs,77,NA
tree-sitter-asena,tests::test_can_load_grammar,internal compiler error: /usr/src/ffickle/rust/compiler/rustc_const_eval/src/interpret/operand.rs:77:42: Got a scalar pair where a scalar was expected,internal compiler error,/usr/src/ffickle/rust/compiler/rustc_const_eval/src/interpret/operand.rs,77,NA
tree-sitter-asm,tests::test_can_load_grammar,internal compiler error: /usr/src/ffickle/rust/compiler/rustc_const_eval/src/interpret/operand.rs:77:42: Got a scalar pair where a scalar was expected,internal compiler error,/usr/src/ffickle/rust/compiler/rustc_const_eval/src/interpret/operand.rs,77,NA
tree-sitter-bass,tests::test_can_load_grammar,internal compiler error: /usr/src/ffickle/rust/compiler/rustc_const_eval/src/interpret/operand.rs:77:42: Got a scalar pair where a scalar was expected,internal compiler error,/usr/src/ffickle/rust/compiler/rustc_const_eval/src/interpret/operand.rs,77,NA
tree-sitter-bicep,tests::test_can_load_grammar,internal compiler error: /usr/src/ffickle/rust/compiler/rustc_const_eval/src/interpret/operand.rs:77:42: Got a scalar pair where a scalar was expected,internal compiler error,/usr/src/ffickle/rust/compiler/rustc_const_eval/src/interpret/operand.rs,77,NA
tree-sitter-c,tests::can_load_grammar,internal compiler error: /usr/src/ffickle/rust/compiler/rustc_const_eval/src/interpret/operand.rs:77:42: Got a scalar pair where a scalar was expected,internal compiler error,/usr/src/ffickle/rust/compiler/rustc_const_eval/src/interpret/operand.rs,77,NA
tree-sitter-c-sharp,tests::can_load_grammar,internal compiler error: /usr/src/ffickle/rust/compiler/rustc_const_eval/src/interpret/operand.rs:77:42: Got a scalar pair where a scalar was expected,internal compiler error,/usr/src/ffickle/rust/compiler/rustc_const_eval/src/interpret/operand.rs,77,NA
tree-sitter-cairo,tests::test_can_load_grammar,internal compiler error: /usr/src/ffickle/rust/compiler/rustc_const_eval/src/interpret/operand.rs:77:42: Got a scalar pair where a scalar was expected,internal compiler error,/usr/src/ffickle/rust/compiler/rustc_const_eval/src/interpret/operand.rs,77,NA
tree-sitter-capnp,tests::test_can_load_grammar,internal compiler error: /usr/src/ffickle/rust/compiler/rustc_const_eval/src/interpret/operand.rs:77:42: Got a scalar pair where a scalar was expected,internal compiler error,/usr/src/ffickle/rust/compiler/rustc_const_eval/src/interpret/operand.rs,77,NA
tree-sitter-clingo,tests::test_can_load_grammar,internal compiler error: /usr/src/ffickle/rust/compiler/rustc_const_eval/src/interpret/operand.rs:77:42: Got a scalar pair where a scalar was expected,internal compiler error,/usr/src/ffickle/rust/compiler/rustc_const_eval/src/interpret/operand.rs,77,NA
tree-sitter-cmake,tests::test_can_load_grammar,internal compiler error: /usr/src/ffickle/rust/compiler/rustc_const_eval/src/interpret/operand.rs:77:42: Got a scalar pair where a scalar was expected,internal compiler error,/usr/src/ffickle/rust/compiler/rustc_const_eval/src/interpret/operand.rs,77,NA
tree-sitter-comment,tests::test_can_load_grammar,internal compiler error: /usr/src/ffickle/rust/compiler/rustc_const_eval/src/interpret/operand.rs:77:42: Got a scalar pair where a scalar was expected,internal compiler error,/usr/src/ffickle/rust/compiler/rustc_const_eval/src/interpret/operand.rs,77,NA
tree-sitter-commonlisp,tests::test_can_load_grammar,internal compiler error: /usr/src/ffickle/rust/compiler/rustc_const_eval/src/interpret/operand.rs:77:42: Got a scalar pair where a scalar was expected,internal compiler error,/usr/src/ffickle/rust/compiler/rustc_const_eval/src/interpret/operand.rs,77,NA
tree-sitter-cpon,tests::test_can_load_grammar,internal compiler error: /usr/src/ffickle/rust/compiler/rustc_const_eval/src/interpret/operand.rs:77:42: Got a scalar pair where a scalar was expected,internal compiler error,/usr/src/ffickle/rust/compiler/rustc_const_eval/src/interpret/operand.rs,77,NA
tree-sitter-cpp,tests::can_load_grammar,LLI interoperation error: invalid memory copy with memcpy,LLI interoperation error,invalid memory copy with memcpy,NA,/usr/src/ffickle/extracted/src/scanner.c:150:5
tree-sitter-cql,tests::test_can_load_grammar,internal compiler error: /usr/src/ffickle/rust/compiler/rustc_const_eval/src/interpret/operand.rs:77:42: Got a scalar pair where a scalar was expected,internal compiler error,/usr/src/ffickle/rust/compiler/rustc_const_eval/src/interpret/operand.rs,77,NA
tree-sitter-css,tests::test_can_load_grammar,internal compiler error: /usr/src/ffickle/rust/compiler/rustc_const_eval/src/interpret/operand.rs:77:42: Got a scalar pair where a scalar was expected,internal compiler error,/usr/src/ffickle/rust/compiler/rustc_const_eval/src/interpret/operand.rs,77,NA
tree-sitter-cuda,tests::test_can_load_grammar,LLI interoperation error: invalid memory copy with memcpy,LLI interoperation error,invalid memory copy with memcpy,NA,/usr/src/ffickle/extracted/src/scanner.c:146:5
tree-sitter-cue,tests::test_can_load_grammar,internal compiler error: /usr/src/ffickle/rust/compiler/rustc_const_eval/src/interpret/operand.rs:77:42: Got a scalar pair where a scalar was expected,internal compiler error,/usr/src/ffickle/rust/compiler/rustc_const_eval/src/interpret/operand.rs,77,NA
tree-sitter-cwscript,tests::test_can_load_grammar,internal compiler error: /usr/src/ffickle/rust/compiler/rustc_const_eval/src/interpret/operand.rs:77:42: Got a scalar pair where a scalar was expected,internal compiler error,/usr/src/ffickle/rust/compiler/rustc_const_eval/src/interpret/operand.rs,77,NA
tree-sitter-dart,tests::test_can_load_grammar,internal compiler error: /usr/src/ffickle/rust/compiler/rustc_const_eval/src/interpret/operand.rs:77:42: Got a scalar pair where a scalar was expected,internal compiler error,/usr/src/ffickle/rust/compiler/rustc_const_eval/src/interpret/operand.rs,77,NA
tree-sitter-deb822,tests::test_can_load_grammar,internal compiler error: /usr/src/ffickle/rust/compiler/rustc_const_eval/src/interpret/operand.rs:77:42: Got a scalar pair where a scalar was expected,internal compiler error,/usr/src/ffickle/rust/compiler/rustc_const_eval/src/interpret/operand.rs,77,NA
tree-sitter-dockerfile,tests::test_can_load_grammar,internal compiler error: /usr/src/ffickle/rust/compiler/rustc_const_eval/src/interpret/operand.rs:77:42: Got a scalar pair where a scalar was expected,internal compiler error,/usr/src/ffickle/rust/compiler/rustc_const_eval/src/interpret/operand.rs,77,NA
tree-sitter-dot,tests::test_can_load_grammar,internal compiler error: /usr/src/ffickle/rust/compiler/rustc_const_eval/src/interpret/operand.rs:77:42: Got a scalar pair where a scalar was expected,internal compiler error,/usr/src/ffickle/rust/compiler/rustc_const_eval/src/interpret/operand.rs,77,NA
tree-sitter-ebnf,tests::test_can_load_grammar,internal compiler error: /usr/src/ffickle/rust/compiler/rustc_const_eval/src/interpret/operand.rs:77:42: Got a scalar pair where a scalar was expected,internal compiler error,/usr/src/ffickle/rust/compiler/rustc_const_eval/src/interpret/operand.rs,77,NA
tree-sitter-elisp,tests::test_can_load_grammar,internal compiler error: /usr/src/ffickle/rust/compiler/rustc_const_eval/src/interpret/operand.rs:77:42: Got a scalar pair where a scalar was expected,internal compiler error,/usr/src/ffickle/rust/compiler/rustc_const_eval/src/interpret/operand.rs,77,NA
tree-sitter-elsa,tests::test_can_load_grammar,internal compiler error: /usr/src/ffickle/rust/compiler/rustc_const_eval/src/interpret/operand.rs:77:42: Got a scalar pair where a scalar was expected,internal compiler error,/usr/src/ffickle/rust/compiler/rustc_const_eval/src/interpret/operand.rs,77,NA
tree-sitter-embedded-template,tests::can_load_grammar,internal compiler error: /usr/src/ffickle/rust/compiler/rustc_const_eval/src/interpret/operand.rs:77:42: Got a scalar pair where a scalar was expected,internal compiler error,/usr/src/ffickle/rust/compiler/rustc_const_eval/src/interpret/operand.rs,77,NA
tree-sitter-erlang,tests::test_can_load_grammar,internal compiler error: /usr/src/ffickle/rust/compiler/rustc_const_eval/src/interpret/operand.rs:77:42: Got a scalar pair where a scalar was expected,internal compiler error,/usr/src/ffickle/rust/compiler/rustc_const_eval/src/interpret/operand.rs,77,NA
tree-sitter-func,tests::test_can_load_grammar,internal compiler error: /usr/src/ffickle/rust/compiler/rustc_const_eval/src/interpret/operand.rs:77:42: Got a scalar pair where a scalar was expected,internal compiler error,/usr/src/ffickle/rust/compiler/rustc_const_eval/src/interpret/operand.rs,77,NA
tree-sitter-gitcommit,tests::test_can_load_grammar,internal compiler error: /usr/src/ffickle/rust/compiler/rustc_const_eval/src/interpret/operand.rs:77:42: Got a scalar pair where a scalar was expected,internal compiler error,/usr/src/ffickle/rust/compiler/rustc_const_eval/src/interpret/operand.rs,77,NA
tree-sitter-glsl,tests::test_can_load_grammar,internal compiler error: /usr/src/ffickle/rust/compiler/rustc_const_eval/src/interpret/operand.rs:77:42: Got a scalar pair where a scalar was expected,internal compiler error,/usr/src/ffickle/rust/compiler/rustc_const_eval/src/interpret/operand.rs,77,NA
tree-sitter-go,tests::can_load_grammar,internal compiler error: /usr/src/ffickle/rust/compiler/rustc_const_eval/src/interpret/operand.rs:77:42: Got a scalar pair where a scalar was expected,internal compiler error,/usr/src/ffickle/rust/compiler/rustc_const_eval/src/interpret/operand.rs,77,NA
tree-sitter-go-sum,tests::test_can_load_grammar,internal compiler error: /usr/src/ffickle/rust/compiler/rustc_const_eval/src/interpret/operand.rs:77:42: Got a scalar pair where a scalar was expected,internal compiler error,/usr/src/ffickle/rust/compiler/rustc_const_eval/src/interpret/operand.rs,77,NA
tree-sitter-hare,tests::test_can_load_grammar,internal compiler error: /usr/src/ffickle/rust/compiler/rustc_const_eval/src/interpret/operand.rs:77:42: Got a scalar pair where a scalar was expected,internal compiler error,/usr/src/ffickle/rust/compiler/rustc_const_eval/src/interpret/operand.rs,77,NA
tree-sitter-hexdump,tests::test_can_load_grammar,internal compiler error: /usr/src/ffickle/rust/compiler/rustc_const_eval/src/interpret/operand.rs:77:42: Got a scalar pair where a scalar was expected,internal compiler error,/usr/src/ffickle/rust/compiler/rustc_const_eval/src/interpret/operand.rs,77,NA
tree-sitter-ic10,tests::test_can_load_grammar,internal compiler error: /usr/src/ffickle/rust/compiler/rustc_const_eval/src/interpret/operand.rs:77:42: Got a scalar pair where a scalar was expected,internal compiler error,/usr/src/ffickle/rust/compiler/rustc_const_eval/src/interpret/operand.rs,77,NA
tree-sitter-icelang,tests::test_can_load_grammar,internal compiler error: /usr/src/ffickle/rust/compiler/rustc_const_eval/src/interpret/operand.rs:77:42: Got a scalar pair where a scalar was expected,internal compiler error,/usr/src/ffickle/rust/compiler/rustc_const_eval/src/interpret/operand.rs,77,NA
tree-sitter-integerbasic,tests::test_can_load_grammar,internal compiler error: /usr/src/ffickle/rust/compiler/rustc_const_eval/src/interpret/operand.rs:77:42: Got a scalar pair where a scalar was expected,internal compiler error,/usr/src/ffickle/rust/compiler/rustc_const_eval/src/interpret/operand.rs,77,NA
tree-sitter-ispc,tests::test_can_load_grammar,internal compiler error: /usr/src/ffickle/rust/compiler/rustc_const_eval/src/interpret/operand.rs:77:42: Got a scalar pair where a scalar was expected,internal compiler error,/usr/src/ffickle/rust/compiler/rustc_const_eval/src/interpret/operand.rs,77,NA
tree-sitter-jack,tests::test_can_load_grammar,internal compiler error: /usr/src/ffickle/rust/compiler/rustc_const_eval/src/interpret/operand.rs:77:42: Got a scalar pair where a scalar was expected,internal compiler error,/usr/src/ffickle/rust/compiler/rustc_const_eval/src/interpret/operand.rs,77,NA
tree-sitter-javascript,tests::can_load_grammar,internal compiler error: /usr/src/ffickle/rust/compiler/rustc_const_eval/src/interpret/operand.rs:77:42: Got a scalar pair where a scalar was expected,internal compiler error,/usr/src/ffickle/rust/compiler/rustc_const_eval/src/interpret/operand.rs,77,NA
tree-sitter-json,tests::test_can_load_grammar,internal compiler error: /usr/src/ffickle/rust/compiler/rustc_const_eval/src/interpret/operand.rs:77:42: Got a scalar pair where a scalar was expected,internal compiler error,/usr/src/ffickle/rust/compiler/rustc_const_eval/src/interpret/operand.rs,77,NA
tree-sitter-kdl,tests::test_can_load_grammar,internal compiler error: /usr/src/ffickle/rust/compiler/rustc_const_eval/src/interpret/operand.rs:77:42: Got a scalar pair where a scalar was expected,internal compiler error,/usr/src/ffickle/rust/compiler/rustc_const_eval/src/interpret/operand.rs,77,NA
tree-sitter-kind,tests::test_can_load_grammar,internal compiler error: /usr/src/ffickle/rust/compiler/rustc_const_eval/src/interpret/operand.rs:77:42: Got a scalar pair where a scalar was expected,internal compiler error,/usr/src/ffickle/rust/compiler/rustc_const_eval/src/interpret/operand.rs,77,NA
tree-sitter-kotlin,tests::test_can_load_grammar,internal compiler error: /usr/src/ffickle/rust/compiler/rustc_const_eval/src/interpret/operand.rs:77:42: Got a scalar pair where a scalar was expected,internal compiler error,/usr/src/ffickle/rust/compiler/rustc_const_eval/src/interpret/operand.rs,77,NA
tree-sitter-lua,tests::test_can_load_grammar,internal compiler error: /usr/src/ffickle/rust/compiler/rustc_const_eval/src/interpret/operand.rs:77:42: Got a scalar pair where a scalar was expected,internal compiler error,/usr/src/ffickle/rust/compiler/rustc_const_eval/src/interpret/operand.rs,77,NA
tree-sitter-luadoc,tests::test_can_load_grammar,internal compiler error: /usr/src/ffickle/rust/compiler/rustc_const_eval/src/interpret/operand.rs:77:42: Got a scalar pair where a scalar was expected,internal compiler error,/usr/src/ffickle/rust/compiler/rustc_const_eval/src/interpret/operand.rs,77,NA
tree-sitter-luap,tests::test_can_load_grammar,internal compiler error: /usr/src/ffickle/rust/compiler/rustc_const_eval/src/interpret/operand.rs:77:42: Got a scalar pair where a scalar was expected,internal compiler error,/usr/src/ffickle/rust/compiler/rustc_const_eval/src/interpret/operand.rs,77,NA
tree-sitter-luau,tests::test_can_load_grammar,internal compiler error: /usr/src/ffickle/rust/compiler/rustc_const_eval/src/interpret/operand.rs:77:42: Got a scalar pair where a scalar was expected,internal compiler error,/usr/src/ffickle/rust/compiler/rustc_const_eval/src/interpret/operand.rs,77,NA
tree-sitter-lura,tests::test_can_load_grammar,internal compiler error: /usr/src/ffickle/rust/compiler/rustc_const_eval/src/interpret/operand.rs:77:42: Got a scalar pair where a scalar was expected,internal compiler error,/usr/src/ffickle/rust/compiler/rustc_const_eval/src/interpret/operand.rs,77,NA
tree-sitter-merlin6502,tests::test_can_load_grammar,internal compiler error: /usr/src/ffickle/rust/compiler/rustc_const_eval/src/interpret/operand.rs:77:42: Got a scalar pair where a scalar was expected,internal compiler error,/usr/src/ffickle/rust/compiler/rustc_const_eval/src/interpret/operand.rs,77,NA
tree-sitter-mozcpp,tests::can_load_grammar,internal compiler error: /usr/src/ffickle/rust/compiler/rustc_const_eval/src/interpret/operand.rs:77:42: Got a scalar pair where a scalar was expected,internal compiler error,/usr/src/ffickle/rust/compiler/rustc_const_eval/src/interpret/operand.rs,77,NA
tree-sitter-nasl,tests::test_can_load_grammar,internal compiler error: /usr/src/ffickle/rust/compiler/rustc_const_eval/src/interpret/operand.rs:77:42: Got a scalar pair where a scalar was expected,internal compiler error,/usr/src/ffickle/rust/compiler/rustc_const_eval/src/interpret/operand.rs,77,NA
tree-sitter-nix,tests::test_can_load_grammar,internal compiler error: /usr/src/ffickle/rust/compiler/rustc_const_eval/src/interpret/operand.rs:77:42: Got a scalar pair where a scalar was expected,internal compiler error,/usr/src/ffickle/rust/compiler/rustc_const_eval/src/interpret/operand.rs,77,NA
tree-sitter-nwscript,tests::test_can_load_grammar,internal compiler error: /usr/src/ffickle/rust/compiler/rustc_const_eval/src/interpret/operand.rs:77:42: Got a scalar pair where a scalar was expected,internal compiler error,/usr/src/ffickle/rust/compiler/rustc_const_eval/src/interpret/operand.rs,77,NA
tree-sitter-objc,tests::test_can_load_grammar,internal compiler error: /usr/src/ffickle/rust/compiler/rustc_const_eval/src/interpret/operand.rs:77:42: Got a scalar pair where a scalar was expected,internal compiler error,/usr/src/ffickle/rust/compiler/rustc_const_eval/src/interpret/operand.rs,77,NA
tree-sitter-odin,tests::test_can_load_grammar,internal compiler error: /usr/src/ffickle/rust/compiler/rustc_const_eval/src/interpret/operand.rs:77:42: Got a scalar pair where a scalar was expected,internal compiler error,/usr/src/ffickle/rust/compiler/rustc_const_eval/src/interpret/operand.rs,77,NA
tree-sitter-onotone,tests::test_can_load_grammar,internal compiler error: /usr/src/ffickle/rust/compiler/rustc_const_eval/src/interpret/operand.rs:77:42: Got a scalar pair where a scalar was expected,internal compiler error,/usr/src/ffickle/rust/compiler/rustc_const_eval/src/interpret/operand.rs,77,NA
tree-sitter-openscad,tests::test_can_load_grammar,internal compiler error: /usr/src/ffickle/rust/compiler/rustc_const_eval/src/interpret/operand.rs:77:42: Got a scalar pair where a scalar was expected,internal compiler error,/usr/src/ffickle/rust/compiler/rustc_const_eval/src/interpret/operand.rs,77,NA
tree-sitter-palm,tests::can_load_grammar,internal compiler error: /usr/src/ffickle/rust/compiler/rustc_const_eval/src/interpret/operand.rs:77:42: Got a scalar pair where a scalar was expected,internal compiler error,/usr/src/ffickle/rust/compiler/rustc_const_eval/src/interpret/operand.rs,77,NA
tree-sitter-plymouth-script,tests::test_can_load_grammar,internal compiler error: /usr/src/ffickle/rust/compiler/rustc_const_eval/src/interpret/operand.rs:77:42: Got a scalar pair where a scalar was expected,internal compiler error,/usr/src/ffickle/rust/compiler/rustc_const_eval/src/interpret/operand.rs,77,NA
tree-sitter-po,tests::test_can_load_grammar,internal compiler error: /usr/src/ffickle/rust/compiler/rustc_const_eval/src/interpret/operand.rs:77:42: Got a scalar pair where a scalar was expected,internal compiler error,/usr/src/ffickle/rust/compiler/rustc_const_eval/src/interpret/operand.rs,77,NA
tree-sitter-pony,tests::test_can_load_grammar,internal compiler error: /usr/src/ffickle/rust/compiler/rustc_const_eval/src/interpret/operand.rs:77:42: Got a scalar pair where a scalar was expected,internal compiler error,/usr/src/ffickle/rust/compiler/rustc_const_eval/src/interpret/operand.rs,77,NA
tree-sitter-prisma,tests::can_load_grammar,internal compiler error: /usr/src/ffickle/rust/compiler/rustc_const_eval/src/interpret/operand.rs:77:42: Got a scalar pair where a scalar was expected,internal compiler error,/usr/src/ffickle/rust/compiler/rustc_const_eval/src/interpret/operand.rs,77,NA
tree-sitter-prisma-io,tests::test_can_load_grammar,internal compiler error: /usr/src/ffickle/rust/compiler/rustc_const_eval/src/interpret/operand.rs:77:42: Got a scalar pair where a scalar was expected,internal compiler error,/usr/src/ffickle/rust/compiler/rustc_const_eval/src/interpret/operand.rs,77,NA
tree-sitter-puppet,tests::test_can_load_grammar,internal compiler error: /usr/src/ffickle/rust/compiler/rustc_const_eval/src/interpret/operand.rs:77:42: Got a scalar pair where a scalar was expected,internal compiler error,/usr/src/ffickle/rust/compiler/rustc_const_eval/src/interpret/operand.rs,77,NA
tree-sitter-python,tests::can_load_grammar,internal compiler error: /usr/src/ffickle/rust/compiler/rustc_const_eval/src/interpret/operand.rs:77:42: Got a scalar pair where a scalar was expected,internal compiler error,/usr/src/ffickle/rust/compiler/rustc_const_eval/src/interpret/operand.rs,77,NA
tree-sitter-qmldir,tests::test_can_load_grammar,internal compiler error: /usr/src/ffickle/rust/compiler/rustc_const_eval/src/interpret/operand.rs:77:42: Got a scalar pair where a scalar was expected,internal compiler error,/usr/src/ffickle/rust/compiler/rustc_const_eval/src/interpret/operand.rs,77,NA
tree-sitter-query,tests::test_can_load_grammar,internal compiler error: /usr/src/ffickle/rust/compiler/rustc_const_eval/src/interpret/operand.rs:77:42: Got a scalar pair where a scalar was expected,internal compiler error,/usr/src/ffickle/rust/compiler/rustc_const_eval/src/interpret/operand.rs,77,NA
tree-sitter-r,tests::test_can_load_grammar,internal compiler error: /usr/src/ffickle/rust/compiler/rustc_const_eval/src/interpret/operand.rs:77:42: Got a scalar pair where a scalar was expected,internal compiler error,/usr/src/ffickle/rust/compiler/rustc_const_eval/src/interpret/operand.rs,77,NA
tree-sitter-regex,tests::test_can_load_grammar,internal compiler error: /usr/src/ffickle/rust/compiler/rustc_const_eval/src/interpret/operand.rs:77:42: Got a scalar pair where a scalar was expected,internal compiler error,/usr/src/ffickle/rust/compiler/rustc_const_eval/src/interpret/operand.rs,77,NA
tree-sitter-ron,tests::test_can_load_grammar,internal compiler error: /usr/src/ffickle/rust/compiler/rustc_const_eval/src/interpret/operand.rs:77:42: Got a scalar pair where a scalar was expected,internal compiler error,/usr/src/ffickle/rust/compiler/rustc_const_eval/src/interpret/operand.rs,77,NA
tree-sitter-rslox,tests::test_can_load_grammar,internal compiler error: /usr/src/ffickle/rust/compiler/rustc_const_eval/src/interpret/operand.rs:77:42: Got a scalar pair where a scalar was expected,internal compiler error,/usr/src/ffickle/rust/compiler/rustc_const_eval/src/interpret/operand.rs,77,NA
tree-sitter-rst,tests::test_can_load_grammar,internal compiler error: /usr/src/ffickle/rust/compiler/rustc_const_eval/src/interpret/operand.rs:77:42: Got a scalar pair where a scalar was expected,internal compiler error,/usr/src/ffickle/rust/compiler/rustc_const_eval/src/interpret/operand.rs,77,NA
tree-sitter-rush,tests::test_can_load_grammar,internal compiler error: /usr/src/ffickle/rust/compiler/rustc_const_eval/src/interpret/operand.rs:77:42: Got a scalar pair where a scalar was expected,internal compiler error,/usr/src/ffickle/rust/compiler/rustc_const_eval/src/interpret/operand.rs,77,NA
tree-sitter-rust,tests::can_load_grammar,internal compiler error: /usr/src/ffickle/rust/compiler/rustc_const_eval/src/interpret/operand.rs:77:42: Got a scalar pair where a scalar was expected,internal compiler error,/usr/src/ffickle/rust/compiler/rustc_const_eval/src/interpret/operand.rs,77,NA
tree-sitter-scala,tests::test_can_load_grammar,internal compiler error: /usr/src/ffickle/rust/compiler/rustc_const_eval/src/interpret/operand.rs:77:42: Got a scalar pair where a scalar was expected,internal compiler error,/usr/src/ffickle/rust/compiler/rustc_const_eval/src/interpret/operand.rs,77,NA
tree-sitter-sdml,tests::test_can_load_grammar,internal compiler error: /usr/src/ffickle/rust/compiler/rustc_const_eval/src/interpret/operand.rs:77:42: Got a scalar pair where a scalar was expected,internal compiler error,/usr/src/ffickle/rust/compiler/rustc_const_eval/src/interpret/operand.rs,77,NA
tree-sitter-slint,tests::test_can_load_grammar,internal compiler error: /usr/src/ffickle/rust/compiler/rustc_const_eval/src/interpret/operand.rs:77:42: Got a scalar pair where a scalar was expected,internal compiler error,/usr/src/ffickle/rust/compiler/rustc_const_eval/src/interpret/operand.rs,77,NA
tree-sitter-smali,tests::test_can_load_grammar,internal compiler error: /usr/src/ffickle/rust/compiler/rustc_const_eval/src/interpret/operand.rs:77:42: Got a scalar pair where a scalar was expected,internal compiler error,/usr/src/ffickle/rust/compiler/rustc_const_eval/src/interpret/operand.rs,77,NA
tree-sitter-smithy,tests::test_can_load_grammar,internal compiler error: /usr/src/ffickle/rust/compiler/rustc_const_eval/src/interpret/operand.rs:77:42: Got a scalar pair where a scalar was expected,internal compiler error,/usr/src/ffickle/rust/compiler/rustc_const_eval/src/interpret/operand.rs,77,NA
tree-sitter-solidity,tests::test_can_load_grammar,internal compiler error: /usr/src/ffickle/rust/compiler/rustc_const_eval/src/interpret/operand.rs:77:42: Got a scalar pair where a scalar was expected,internal compiler error,/usr/src/ffickle/rust/compiler/rustc_const_eval/src/interpret/operand.rs,77,NA
tree-sitter-souffle,tests::test_can_load_grammar,internal compiler error: /usr/src/ffickle/rust/compiler/rustc_const_eval/src/interpret/operand.rs:77:42: Got a scalar pair where a scalar was expected,internal compiler error,/usr/src/ffickle/rust/compiler/rustc_const_eval/src/interpret/operand.rs,77,NA
tree-sitter-sourcepawn,tests::test_can_load_grammar,internal compiler error: /usr/src/ffickle/rust/compiler/rustc_const_eval/src/interpret/operand.rs:77:42: Got a scalar pair where a scalar was expected,internal compiler error,/usr/src/ffickle/rust/compiler/rustc_const_eval/src/interpret/operand.rs,77,NA
tree-sitter-sql,tests::test_can_load_grammar,internal compiler error: /usr/src/ffickle/rust/compiler/rustc_const_eval/src/interpret/operand.rs:77:42: Got a scalar pair where a scalar was expected,internal compiler error,/usr/src/ffickle/rust/compiler/rustc_const_eval/src/interpret/operand.rs,77,NA
tree-sitter-squirrel,tests::test_can_load_grammar,internal compiler error: /usr/src/ffickle/rust/compiler/rustc_const_eval/src/interpret/operand.rs:77:42: Got a scalar pair where a scalar was expected,internal compiler error,/usr/src/ffickle/rust/compiler/rustc_const_eval/src/interpret/operand.rs,77,NA
tree-sitter-ssh-client-config,tests::test_can_load_grammar,internal compiler error: /usr/src/ffickle/rust/compiler/rustc_const_eval/src/interpret/operand.rs:77:42: Got a scalar pair where a scalar was expected,internal compiler error,/usr/src/ffickle/rust/compiler/rustc_const_eval/src/interpret/operand.rs,77,NA
tree-sitter-starlark,tests::test_can_load_grammar,internal compiler error: /usr/src/ffickle/rust/compiler/rustc_const_eval/src/interpret/operand.rs:77:42: Got a scalar pair where a scalar was expected,internal compiler error,/usr/src/ffickle/rust/compiler/rustc_const_eval/src/interpret/operand.rs,77,NA
tree-sitter-strings,tests::can_load_grammar,internal compiler error: /usr/src/ffickle/rust/compiler/rustc_const_eval/src/interpret/operand.rs:77:42: Got a scalar pair where a scalar was expected,internal compiler error,/usr/src/ffickle/rust/compiler/rustc_const_eval/src/interpret/operand.rs,77,NA
tree-sitter-svelte,tests::can_load_grammar,internal compiler error: /usr/src/ffickle/rust/compiler/rustc_const_eval/src/interpret/operand.rs:77:42: Got a scalar pair where a scalar was expected,internal compiler error,/usr/src/ffickle/rust/compiler/rustc_const_eval/src/interpret/operand.rs,77,NA
tree-sitter-swift,tests::test_can_load_grammar,internal compiler error: /usr/src/ffickle/rust/compiler/rustc_const_eval/src/interpret/operand.rs:77:42: Got a scalar pair where a scalar was expected,internal compiler error,/usr/src/ffickle/rust/compiler/rustc_const_eval/src/interpret/operand.rs,77,NA
tree-sitter-tablegen,tests::test_can_load_grammar,internal compiler error: /usr/src/ffickle/rust/compiler/rustc_const_eval/src/interpret/operand.rs:77:42: Got a scalar pair where a scalar was expected,internal compiler error,/usr/src/ffickle/rust/compiler/rustc_const_eval/src/interpret/operand.rs,77,NA
tree-sitter-thrift,tests::test_can_load_grammar,internal compiler error: /usr/src/ffickle/rust/compiler/rustc_const_eval/src/interpret/operand.rs:77:42: Got a scalar pair where a scalar was expected,internal compiler error,/usr/src/ffickle/rust/compiler/rustc_const_eval/src/interpret/operand.rs,77,NA
tree-sitter-toml,tests::can_load_grammar,internal compiler error: /usr/src/ffickle/rust/compiler/rustc_const_eval/src/interpret/operand.rs:77:42: Got a scalar pair where a scalar was expected,internal compiler error,/usr/src/ffickle/rust/compiler/rustc_const_eval/src/interpret/operand.rs,77,NA
tree-sitter-tsq,tests::test_can_load_grammar,internal compiler error: /usr/src/ffickle/rust/compiler/rustc_const_eval/src/interpret/operand.rs:77:42: Got a scalar pair where a scalar was expected,internal compiler error,/usr/src/ffickle/rust/compiler/rustc_const_eval/src/interpret/operand.rs,77,NA
tree-sitter-turbowave,tests::test_can_load_grammar,internal compiler error: /usr/src/ffickle/rust/compiler/rustc_const_eval/src/interpret/operand.rs:77:42: Got a scalar pair where a scalar was expected,internal compiler error,/usr/src/ffickle/rust/compiler/rustc_const_eval/src/interpret/operand.rs,77,NA
tree-sitter-ungrammar,tests::test_can_load_grammar,internal compiler error: /usr/src/ffickle/rust/compiler/rustc_const_eval/src/interpret/operand.rs:77:42: Got a scalar pair where a scalar was expected,internal compiler error,/usr/src/ffickle/rust/compiler/rustc_const_eval/src/interpret/operand.rs,77,NA
tree-sitter-uxntal,tests::test_can_load_grammar,internal compiler error: /usr/src/ffickle/rust/compiler/rustc_const_eval/src/interpret/operand.rs:77:42: Got a scalar pair where a scalar was expected,internal compiler error,/usr/src/ffickle/rust/compiler/rustc_const_eval/src/interpret/operand.rs,77,NA
tree-sitter-wenyan,tests::test_can_load_grammar,internal compiler error: /usr/src/ffickle/rust/compiler/rustc_const_eval/src/interpret/operand.rs:77:42: Got a scalar pair where a scalar was expected,internal compiler error,/usr/src/ffickle/rust/compiler/rustc_const_eval/src/interpret/operand.rs,77,NA
tree-sitter-wgsl,tests::test_can_load_grammar,internal compiler error: /usr/src/ffickle/rust/compiler/rustc_const_eval/src/interpret/operand.rs:77:42: Got a scalar pair where a scalar was expected,internal compiler error,/usr/src/ffickle/rust/compiler/rustc_const_eval/src/interpret/operand.rs,77,NA
tree-sitter-yabo,tests::test_can_load_grammar,internal compiler error: /usr/src/ffickle/rust/compiler/rustc_const_eval/src/interpret/operand.rs:77:42: Got a scalar pair where a scalar was expected,internal compiler error,/usr/src/ffickle/rust/compiler/rustc_const_eval/src/interpret/operand.rs,77,NA
tree-sitter-yuck,tests::test_can_load_grammar,internal compiler error: /usr/src/ffickle/rust/compiler/rustc_const_eval/src/interpret/operand.rs:77:42: Got a scalar pair where a scalar was expected,internal compiler error,/usr/src/ffickle/rust/compiler/rustc_const_eval/src/interpret/operand.rs,77,NA
tree_sitter_grep_tree-sitter-rust,tests::can_load_grammar,internal compiler error: /usr/src/ffickle/rust/compiler/rustc_const_eval/src/interpret/operand.rs:77:42: Got a scalar pair where a scalar was expected,internal compiler error,/usr/src/ffickle/rust/compiler/rustc_const_eval/src/interpret/operand.rs,77,NA
twmap,custom_test_ddnet,"Undefined Behavior: attempting a read access using <> at alloc[0x8], but that tag does not exist in the borrow stack for this location",Undefined Behavior,"attempting a read access using <3788967> at alloc888545[0x8], but that tag does not exist in the borrow stack for this location",NA,/root/.cargo/registry/src/index.crates.io-6f17d22bba15001f/libz-sys-1.1.12/src/zlib/deflate.c:1519:22
tz-search,tests::loads_ok,"Undefined Behavior: using uninitialized data, but this operation requires initialized memory",Undefined Behavior,"using uninitialized data, but this operation requires initialized memory",NA,/root/.cargo/registry/src/index.crates.io-6f17d22bba15001f/miniz-sys-0.1.12/miniz.c:2362:19
valley-free,tests::build_topology,"Undefined Behavior: attempting a read access using <> at alloc[0x8], but that tag does not exist in the borrow stack for this location",Undefined Behavior,"attempting a read access using <97767> at alloc25734[0x8], but that tag does not exist in the borrow stack for this location",NA,/root/.cargo/registry/src/index.crates.io-6f17d22bba15001f/bzip2-sys-0.1.11+1.0.8/bzip2-1.0.8/decompress.c:197:178
volcasample-sys,tests::convert_pattern_data,"test failed, to rerun pass `--lib`",Test Failed,NA,NA,NA
webrtc-vad,test::is_voice_segment,"Undefined Behavior: attempting a read access using <> at alloc[0x4], but that tag does not exist in the borrow stack for this location",Undefined Behavior,"attempting a read access using <103140> at alloc25793[0x4], but that tag does not exist in the borrow stack for this location",NA,/usr/src/ffickle/extracted/resources/libfvad/src/vad/vad_filterbank.c:93:44
x42ltc-sys,ltc_decode_timecode_dot_raw,"memory leaked: alloc (Allocated in heap by LLVM, size: 408, align: 16), allocated here:",memory leaked,"alloc25746 (Allocated in heap by LLVM, size","408, align",NA
xdrfile,c_abi::xdrfile_trr::tests::test_read_trr_nframes,"Undefined Behavior: attempting a write access using <> at alloc[0x0], but that tag only grants SharedReadOnly permission for this location",Undefined Behavior,"attempting a write access using <109485> at alloc28610[0x0], but that tag only grants SharedReadOnly permission for this location",NA,/usr/src/ffickle/extracted/external/xdrfile/src/xdrfile_trr.c:500:14
xdrfile,c_abi::xdrfile_xtc::tests::test_read_xtc_nframes,"Undefined Behavior: attempting a write access using <> at alloc[0x0], but that tag only grants SharedReadOnly permission for this location",Undefined Behavior,"attempting a write access using <109485> at alloc28610[0x0], but that tag only grants SharedReadOnly permission for this location",NA,/usr/src/ffickle/extracted/external/xdrfile/src/xdrfile_xtc.c:113:11
xxhrs,tests::test_hash_set,"Undefined Behavior: constructing invalid value at .value.reserved64: encountered uninitialized memory, but expected an integer",Undefined Behavior,constructing invalid value at .value.reserved64,"encountered uninitialized memory, but expected an integer",NA
xxhrs,tests::test_build_hasher,"Undefined Behavior: constructing invalid value at .value.reserved: encountered uninitialized memory, but expected an integer",Undefined Behavior,constructing invalid value at .value.reserved,"encountered uninitialized memory, but expected an integer",NA
xyz,smoke,"Undefined Behavior: using uninitialized data, but this operation requires initialized memory",Undefined Behavior,"using uninitialized data, but this operation requires initialized memory",NA,/root/.cargo/registry/src/index.crates.io-6f17d22bba15001f/miniz-sys-0.1.12/miniz.c:2362:19
xz2,write::tests::smoke,"Undefined Behavior: using uninitialized data, but this operation requires initialized memory",Undefined Behavior,"using uninitialized data, but this operation requires initialized memory",NA,/root/.cargo/registry/src/index.crates.io-6f17d22bba15001f/lzma-sys-0.1.20/xz-5.2/src/liblzma/lzma/lzma_encoder_optimum_normal.c:250:36
ytnef,tnef::test::new_from_file,"memory leaked: alloc (Rust heap, size: 4, align: 4), allocated here:",memory leaked,"alloc25642 (Rust heap, size","4, align",NA
yusb,context::test::is_global_context,Undefined Behavior: scalar size mismatch: expected 4 bytes but got 16 bytes instead,Undefined Behavior,scalar size mismatch,expected 4 bytes but got 16 bytes instead,/root/.cargo/registry/src/index.crates.io-6f17d22bba15001f/libusb1-sys-0.6.4/libusb/libusb/os/threads_posix.h:81:92
zip,append,"Undefined Behavior: attempting a read access using <> at alloc[0x8], but that tag does not exist in the borrow stack for this location",Undefined Behavior,"attempting a read access using <1753931> at alloc387082[0x8], but that tag does not exist in the borrow stack for this location",NA,/root/.cargo/registry/src/index.crates.io-6f17d22bba15001f/bzip2-sys-0.1.11+1.0.8/bzip2-1.0.8/bzlib.c:300:23
zipcodes,tests::should_fail_to_find_zipcodes_not_included_in_overrides,"Undefined Behavior: attempting a read access using <> at alloc[0x8], but that tag does not exist in the borrow stack for this location",Undefined Behavior,"attempting a read access using <98523> at alloc25780[0x8], but that tag does not exist in the borrow stack for this location",NA,/root/.cargo/registry/src/index.crates.io-6f17d22bba15001f/bzip2-sys-0.1.11+1.0.8/bzip2-1.0.8/decompress.c:197:178
